eye_id,image_name,image_id,eye_type,minio_key,is_valid_eye,rejecting_reason,split
15199,001593.jpg,60883,left,raw/eyes/0ff493ee0bb4c4b2deb2496695cba05dc5f7d1fbc14ab1add89d67d135e4e5f6_left.png,1,,train
14507,001247.jpg,60537,left,raw/eyes/0e056d14cbfd7c58c64520058bfca0c475fe23d34e8d678f510781a050d59b4b_left.png,1,,train
14407,001197.jpg,60487,left,raw/eyes/15144a6d795ba8842a29455c743443fdf8a593c75a818bb3b98730831b3ef640_left.png,1,,train
14132,001059.jpg,60349,right,raw/eyes/144e279819bbd9c1b3eafd4755bb045a9a9c89d7e072017902d10c111cf213a9_right.png,1,,train
16861,002424.jpg,61714,left,raw/eyes/13cf26a3a2b1d022fb708480e02b61ac2face7e76270fa9380f5b6fe5091fdf4_left.png,1,,train
12750,000368.jpg,59658,right,raw/eyes/05726c1993907a9b877275e095e48b5586a4b365f3bbdbc7510ba144aad9d1b6_right.png,0,closed,train
16517,002252.jpg,61542,left,raw/eyes/09a6ecad6f999a2f3145de48827ff0a3fe494c5f6be77abc6ff2c46b410ac141_left.png,1,,train
17429,002708.jpg,61998,left,raw/eyes/06eb7929c40eb4b5f631e3c12899bb4d62f1d40c163cbeddb7502336fafa1e02_left.png,1,,train
18010,002998.jpg,62288,right,raw/eyes/1c9ead24f4ce21fbbb407ca0ffc3f999b482d9d5af3d0f04fcdfa3ac3e1d4029_right.png,0,reflection,train
13110,000548.jpg,59838,right,raw/eyes/0dc631c8a820fc40f43ed3cd85bc6e4b42b3a076ce6df7cf77ef016369c24b74_right.png,0,reflection,train
16363,002175.jpg,61465,left,raw/eyes/0e9cbc08e474ee7150b28fb7b4303d1fa91af96440118ace4f3c0f8c20693bf8_left.png,0,closed,train
12858,000422.jpg,59712,right,raw/eyes/0908dd74d50e702dc17b57a5b2efc9be847aa743231888ee71f8d9d4c492f302_right.png,1,,train
17473,002730.jpg,62020,left,raw/eyes/0ed2cbb69fe05a16cfc24415d6720304cb95532aedd5a27c077b464534231340_left.png,1,,train
15060,001523.jpg,60813,right,raw/eyes/0f9a664a8d023a5a2bd00021a2d6b8553a6d73617e489ca6ce523ca5f27b1f7b_right.png,0,closed,train
17965,002976.jpg,62266,left,raw/eyes/160567dbc9eb710bc55f057531a1d52efda494933197d6d0b1836ebb161b73a2_left.png,0,reflection,train
14777,001382.jpg,60672,left,raw/eyes/0e71805f698ec2c531774b18d0237d67255e668cd111a8803a19cc4874bb333c_left.png,1,,train
12406,000196.jpg,59486,right,raw/eyes/194fcc6cb8e97e5fe44f0c01a948c910830453bbcb27a041c6f8a7920f8c2e85_right.png,0,reflection,train
15821,001904.jpg,61194,left,raw/eyes/00ff3c59737e8d0e39a5a4678c22f2784ff7b0171de77bfb2f2752b218ef0da9_left.png,1,,train
15163,001575.jpg,60865,left,raw/eyes/1ba576792e639b6d512a0681bbace7c4fd9a9339b9aa98755ba68301dad75754_left.png,1,,train
17017,002502.jpg,61792,left,raw/eyes/087db473d5a4c06b3267ce119d86030ddee2ddf7756d8776a1ae405075d60005_left.png,0,blur,train
15579,001783.jpg,61073,left,raw/eyes/000688fa5933cbb0f5061a0c352ef9b0e6ac58521d9f5af19172ba7471270adb_left.png,1,,train
17188,002587.jpg,61877,right,raw/eyes/0ca1c05c7eb56391521d8c81141e802bf20e6dc0853a20aa323080f379b27a90_right.png,0,closed,train
13779,000883.jpg,60173,left,raw/eyes/09d1f6105650c24699f6c2b4534984b7a918d9a6e7985cc606195351c5201fef_left.png,1,,train
16302,002144.jpg,61434,right,raw/eyes/0795193d940d9bc1ff60a721349c0686e109e5f6853371fa60cc708ab2c7f4af_right.png,0,closed,train
17519,002753.jpg,62043,left,raw/eyes/0344844b699826cdd1608c756bf2f719a7d81168845a2d0aa50e067af5cafbc1_left.png,1,,train
14408,001197.jpg,60487,right,raw/eyes/15144a6d795ba8842a29455c743443fdf8a593c75a818bb3b98730831b3ef640_right.png,1,,train
13826,000906.jpg,60196,right,raw/eyes/100859a8fc41aa971d99fb69980511d2260068b164059ceda01e604c0b01ab81_right.png,0,blur,train
16069,002028.jpg,61318,left,raw/eyes/121b79450086061ab1adfcc9f90343eaa793815c8f0e7e5acaef6230f9462d6e_left.png,1,,train
16171,002079.jpg,61369,left,raw/eyes/18ad795f60a22703ea4e7c6273e3872d40fc13de85cf84f8d52cb94c77963fa5_left.png,1,,train
16856,002421.jpg,61711,right,raw/eyes/110e0aa8378c37e36c2d41c2619a591b0a9c1c2cfb527444f7b92d63566550c9_right.png,1,,train
17411,002699.jpg,61989,left,raw/eyes/01bfe9b93d1c42a039fef8cdf4a870ed32aeb15eac72bf4066a358049087b8f3_left.png,0,closed,train
17644,002815.jpg,62105,right,raw/eyes/04dc87303af177293118076cb753e5e11c9a037f48f338dc14b5434f2bb7e33f_right.png,1,,train
15213,001600.jpg,60890,left,raw/eyes/0204927cf5b31368d21af3cf1ca8de25c9dcf9c8753a230ac252bfbd8e5a7550_left.png,1,,train
13678,000832.jpg,60122,right,raw/eyes/1cd1ab4c116ae9a333a5a4582b4b57b9c8f26d5955cd53e9fa201cb7e334e7c7_right.png,1,,train
12906,000446.jpg,59736,right,raw/eyes/0c3c87864ec9d804b1fd2753fec1ba844d015395a7d09cecf7bb112dfa11621b_right.png,0,closed,train
15193,001590.jpg,60880,left,raw/eyes/04b4eb3a03e24aaf458d369ad4c1684d34ad757286a973d371f450fe8321d251_left.png,1,,train
17420,002703.jpg,61993,right,raw/eyes/0b2227f59fec2bbcac513394f7b68d6bd476cbe91094d27144fe7e9f3686acba_right.png,0,closed,train
17813,002900.jpg,62190,left,raw/eyes/0fe117410f292d57beee80d71c44e154c853e7539ec83ed2f30619371e03873b_left.png,0,closed,train
12154,000070.jpg,59360,right,raw/eyes/16051746e768c420bf097b11c79f70441b8053c36f6a1e04ed7aab7cb73b51d2_right.png,0,blur,train
13242,000614.jpg,59904,right,raw/eyes/0db378b60626c5633e73f0771bb7d7b4c96ea57a08d7bf320ccbe52ec57b1377_right.png,0,side_eye,train
14679,001333.jpg,60623,left,raw/eyes/06bdc8b7d10915bad6abe24d46abd344e7b32d0b9a438e62e8eff6fb4bf13f99_left.png,0,reflection,train
17133,002560.jpg,61850,left,raw/eyes/053f02a8d74a058fb70f48569210acc344312814b50f45719beae2eece557ae5_left.png,0,closed,train
14671,001329.jpg,60619,left,raw/eyes/12d98cbe261fe14aa6701d7b3e015becf1cc3b2e0d3285b02ea73000555c4cb9_left.png,0,side_eye,train
16189,002088.jpg,61378,left,raw/eyes/04a394e426141534614cab8be499ac3054330692fc81177a074cf6e529bbdfd5_left.png,0,closed,train
15607,001797.jpg,61087,left,raw/eyes/090b13e5f17fc7767bdfcfae8b163fbe74f57ae164597c320abb980af30f3cb2_left.png,1,,train
16327,002157.jpg,61447,left,raw/eyes/1039f9f1998334fa09fe83502c0024aa041f00baf5b364d9a41d940e839d52a1_left.png,1,,train
17009,002498.jpg,61788,left,raw/eyes/071d0ea76dd15a6e0e5f4589594a3df5cfe11199f4997aa96d2007e88e159e23_left.png,0,blur,train
16082,002034.jpg,61324,right,raw/eyes/04d08930d8154200ece5f9943190bc85e0f7cd8a0759858548347a3ccb35752e_right.png,0,closed,train
14473,001230.jpg,60520,left,raw/eyes/0c343abbdb2287f31e8c7edea8b82829bd6bc1bca880735c46e28a2cb2fa2f55_left.png,1,,train
14936,001461.jpg,60751,right,raw/eyes/05602cdce809fb951040d95d7fd5c17c690422920af2b1c70586c2c41f8f6254_right.png,0,blur,train
14331,001159.jpg,60449,left,raw/eyes/0ae236d0e6de8e6ecb67f0cc24241d7b82baa997671088863ef4c7b51c22c808_left.png,1,,train
17393,002690.jpg,61980,left,raw/eyes/05d0648c4313c30853d4c847b47e0b8728bd267aece3ff2e1dae6c6cc198d565_left.png,1,,train
13186,000586.jpg,59876,right,raw/eyes/0255349e7691bb9208a57a39cf4814244e9587fb6002b8860de3b765fe44f363_right.png,1,,train
12229,000108.jpg,59398,left,raw/eyes/16c0142159f68a09f8f71e47b180e0cbd7be64c5eb124b28d165fb328d4a431b_left.png,1,,train
17641,002814.jpg,62104,left,raw/eyes/0bc19fd7bdec7edeaa5a0c4400a724f620eff844ebbbaa183716950a6329e087_left.png,0,reflection,train
14164,001075.jpg,60365,right,raw/eyes/15d9f7442910c437f23353961bb5d60fa31d19f01fcb5ffef98e6f6ed2b92079_right.png,1,,train
13017,000502.jpg,59792,left,raw/eyes/15815be0c42b501375fe98672bf3f57a7c52e88643022ecede4ff5c0b9226701_left.png,1,,train
16786,002386.jpg,61676,right,raw/eyes/19f036c9e7ad2cebeceb948c70ae35a6ee7b8b301a49f8fa0e9d6260f9d59b25_right.png,0,blur,train
14120,001053.jpg,60343,right,raw/eyes/0f31a0f33012c85aa13d06f3b22c8194a0be1738b8fa24e72589d45781548ca0_right.png,1,,train
12106,000046.jpg,59336,right,raw/eyes/1d2c243b2416cb4d7c87644484c19dae2450e7cf160ca6b56c69120d3bcae457_right.png,1,,train
12042,000014.jpg,59304,right,raw/eyes/0fb8dd912168c9ca3e9bdbbccff94cd183616ca746350ec32966197f3e59941f_right.png,1,,train
13999,000993.jpg,60283,left,raw/eyes/1104c7a302fc6af1305fc40ac9e7b45af37eeb4d134264ff4cc96ae833b505f0_left.png,0,blur,train
15603,001795.jpg,61085,left,raw/eyes/121dd77085625cbf4f2061c718f9e620c8313e3ef1e72456bb54ae7ca228be93_left.png,1,,train
14124,001055.jpg,60345,right,raw/eyes/1aecf4dc4b55d58e332647818bb3eadf7bf751edecfb58dd764195a1efef2e45_right.png,1,,train
18065,003026.jpg,62316,left,raw/eyes/0e519fb40e337ef95aa7550e23918dae794d11bed43943dedef7dbdfebd4b399_left.png,1,,train
13100,000543.jpg,59833,right,raw/eyes/10b46efc0efc09933af7ec0f9c777050668f1ef2816d0563e274b3cd16f22c7e_right.png,0,blur,train
17870,002928.jpg,62218,right,raw/eyes/19fe9cef4424d5ccdf9e308e10eecb23c9a9a477cb67e466cd77294d6c6e5d10_right.png,0,reflection,train
13025,000506.jpg,59796,left,raw/eyes/0c5f6f6404f20a0128bf3b518a74f09d579c3779a646e2cecee16038c457375d_left.png,1,,train
13955,000971.jpg,60261,left,raw/eyes/04597cbe62e1000f5c820d27c699f13f8d9a36b0cdcbfb67cf783d92de5be14c_left.png,1,,train
16628,002307.jpg,61597,right,raw/eyes/0831ea67c2818011d69d756eb067764c2c625a1f2f3e67f8b10cc2bebe8df53a_right.png,1,,train
17132,002559.jpg,61849,right,raw/eyes/0d39bf768b51f2f3318f20fdfce0f46d038f4746c22af1bd7cdc0b4f7826416e_right.png,1,,train
16539,002263.jpg,61553,left,raw/eyes/109ae0776f1c3c2a0c999cb0b27ae3b618d690f44c5c2f5a9c4bdfa346c4b33d_left.png,1,,train
15695,001841.jpg,61131,left,raw/eyes/05e4a652742d9e6f3497c13d06401c9e95e296f0cc9c4a09a1319d62d05e6877_left.png,1,,train
12260,000123.jpg,59413,right,raw/eyes/14d7e3fdac9d3f2f26338e2545bbc6cffeb19ccc760bb0e1c33d93ccba0c0136_right.png,1,,train
13943,000965.jpg,60255,left,raw/eyes/09b6d0faf8c4ef669e8a521ce1bd3393fff3c921156f09c36df0be354ad347e9_left.png,0,blur,train
17749,002868.jpg,62158,left,raw/eyes/0079bf0c408e67e24bcac7e85a9226ff181450345ff4ba12e700b27ea8f47ffc_left.png,0,sun_glasses,train
16136,002061.jpg,61351,right,raw/eyes/02ec21d88439b6cfb586333cc298a0bb6fbc8cd67d3b5f4c5564d44e442fdd92_right.png,0,sun_glasses,train
12976,000481.jpg,59771,right,raw/eyes/09fa8682c353bca5a775339626151e83f512c87c1b733b3c839a3442df825838_right.png,1,,train
13672,000829.jpg,60119,right,raw/eyes/192511fda086d7b5ca5f6faa2a8efe25417e748e776c4df44086e67b9d5d33eb_right.png,0,blur,train
18034,003010.jpg,62300,right,raw/eyes/05831b63c7612b2f9a28b2376372d9e04caf5e4b841a498f423c680ccfa8c2ac_right.png,1,,train
13507,000747.jpg,60037,left,raw/eyes/1182cb32c2e7ffdb92a9ac5dac8f70f563ec235584f0d4e55e4ac523d270a0ed_left.png,1,,train
16454,002220.jpg,61510,right,raw/eyes/199d1fb0bb3cb9c39a128adcd490b44cb91e6acd95e0d3a61d934e433be324ae_right.png,1,,train
15835,001911.jpg,61201,left,raw/eyes/06493580e0e9a13fa9ce2534a16951bb3d94b9dd4a0e78f984498bd2c667b619_left.png,0,closed,train
14204,001095.jpg,60385,right,raw/eyes/181a2a2c5f1083098c7c72910de8a9d72fb777271512d2fdccf673e09114e65d_right.png,1,,train
12100,000043.jpg,59333,right,raw/eyes/0e579e676bf0c944f31a08fe5a9d54363e4fa1780e63629c9763d0857e6d3848_right.png,1,,train
12719,000353.jpg,59643,left,raw/eyes/128e8498e0a0b11bfb5d42cce4b18cb61cc96ebcd6f226a9026cbbc78101e56f_left.png,0,hairs,train
12467,000227.jpg,59517,left,raw/eyes/0defc259a1c975c1653944f25e76abcc56c39ecf13494a2644d1144cae87c8af_left.png,0,blur,train
15839,001913.jpg,61203,left,raw/eyes/12fbd978eccdaa5361909a9744d9d019f703562fcbd4bda7b6287e95797cb871_left.png,0,reflection,train
17646,002816.jpg,62106,right,raw/eyes/04eba64513a6dbde5339215633f04fbb9f2f511baa50a807ebf49a4baa35ed75_right.png,1,,train
16954,002470.jpg,61760,right,raw/eyes/17fd6a297228d4b97f8f7ce0c6ecc50eec45531533d951b760d0c021d4e7a511_right.png,1,,train
13894,000940.jpg,60230,right,raw/eyes/018b2022a0b7350b96514c169b36ac9d45e47feec0e016d75c4f13f682d49e2a_right.png,1,,train
12884,000435.jpg,59725,right,raw/eyes/12bb36963e20574d0fb1a1b8b3de0ec9fcddcfd63d89c129c073768b058aa4fc_right.png,0,closed,train
14454,001220.jpg,60510,right,raw/eyes/03646b6e9c0ee8f72df6f8b1f9c95cbd555301c812f886cc3f408e622a242d5b_right.png,1,,train
16627,002307.jpg,61597,left,raw/eyes/0831ea67c2818011d69d756eb067764c2c625a1f2f3e67f8b10cc2bebe8df53a_left.png,1,,train
17480,002733.jpg,62023,right,raw/eyes/025db4055850d3eff646ccec729eb73e28c54bfffac59b130425cd6a6d31a0f5_right.png,1,,train
13441,000714.jpg,60004,left,raw/eyes/12c488dc22afe0ed9f8ea437470f1b0535a91073be9e663d35990f3ce0093e06_left.png,1,,train
14073,001030.jpg,60320,left,raw/eyes/10cc6fb8dc285fa15dbfed0aca60296c48f1f43d3a74504ef0eebf08935ad75c_left.png,0,reflection,train
14007,000997.jpg,60287,left,raw/eyes/0cce2ef9e36c1cf0346d0938b5df234ba97cd77825e5793b0548a0b87dd2b109_left.png,0,blur,train
16172,002079.jpg,61369,right,raw/eyes/18ad795f60a22703ea4e7c6273e3872d40fc13de85cf84f8d52cb94c77963fa5_right.png,1,,train
16066,002026.jpg,61316,right,raw/eyes/06b83bb80346b8e70459f0e22fd9ab5d57cb814fce993995a2f9d43f9db09a43_right.png,1,,train
13184,000585.jpg,59875,right,raw/eyes/03712813fbb5bfb62af2003905f3c05a964b9c064dea08bec57f7fe88b8cf8ee_right.png,1,,train
16014,002000.jpg,61290,right,raw/eyes/0b04c060d9329bfeb86b050cc0e72a2b847aee7fd6eb43ff78567a7e8a9b9117_right.png,1,,train
12209,000098.jpg,59388,left,raw/eyes/12f452b7f45ab87b4b9df58e589675e415c9221e805021c5b01826920878f9cf_left.png,0,reflection,train
14701,001344.jpg,60634,left,raw/eyes/0a8d6d8994dfa9911aa36bcc98e9c0b85b6767de15bf77b2aa6ba0ca5290625a_left.png,0,blur,train
14008,000997.jpg,60287,right,raw/eyes/0cce2ef9e36c1cf0346d0938b5df234ba97cd77825e5793b0548a0b87dd2b109_right.png,0,blur,train
14639,001313.jpg,60603,left,raw/eyes/14739db2b1f99a9561b6ed50d9085710aff946ea14158be9eff8c1d5fc3d5596_left.png,1,,train
15214,001600.jpg,60890,right,raw/eyes/0204927cf5b31368d21af3cf1ca8de25c9dcf9c8753a230ac252bfbd8e5a7550_right.png,1,,train
17643,002815.jpg,62105,left,raw/eyes/04dc87303af177293118076cb753e5e11c9a037f48f338dc14b5434f2bb7e33f_left.png,1,,train
17273,002630.jpg,61920,left,raw/eyes/10b7301c25e4d30978fbcb66c5ac1c15aae03697d0ccaac1f5afab0ced8fad10_left.png,1,,train
14337,001162.jpg,60452,left,raw/eyes/08da676b758889f3acead78ceee8d2de00e7f11d76df53afd54ced2c178fc274_left.png,1,,train
16990,002488.jpg,61778,right,raw/eyes/13a499d1ed21d0e170c7cef8004f8b97d132bafbdca0706f6f39cd4cbe07a424_right.png,0,reflection,train
17879,002933.jpg,62223,left,raw/eyes/1acfa8e184ae6879a74002eb330f447027e2db2cec9129cef532be644768f0b5_left.png,1,,train
13091,000539.jpg,59829,left,raw/eyes/18262a77f03652e32d30d532065c1ed97e387a780f6d94e5cd559b6c62f5e721_left.png,1,,train
13696,000841.jpg,60131,right,raw/eyes/0f7c6374c23ddff381d8e997767d4fc8ce8987c36fd6f6c0bd407f335c654b68_right.png,0,hairs,train
14539,001263.jpg,60553,left,raw/eyes/1c4f399ce24b44626be85adb742fcaf8fdc71a504985e1ff258c80ec2390f9a6_left.png,0,side_eye,train
16682,002334.jpg,61624,right,raw/eyes/1c606c830cf94c4d3e3ddb3054b3d494c013446cdcb2f4d3c2dafb3341fa9add_right.png,0,closed,train
14991,001489.jpg,60779,left,raw/eyes/1103772035da9539a86c5974974b54b65362379e699ca41703accf35b5804116_left.png,0,blur,train
15200,001593.jpg,60883,right,raw/eyes/0ff493ee0bb4c4b2deb2496695cba05dc5f7d1fbc14ab1add89d67d135e4e5f6_right.png,1,,train
15772,001879.jpg,61169,right,raw/eyes/0dfb5ebf23fafe72595fef061e6ec7cab0c54fb03e1d0d240a90ee11f11f21a2_right.png,0,blur,train
13271,000629.jpg,59919,left,raw/eyes/054a0815f4d4bbdbff1358b2283221a29c3ba10d75ee53018644b610e81c0221_left.png,1,,train
13803,000895.jpg,60185,left,raw/eyes/0667469741a1cea57ce748aa5b5c45d29b95710f6c04234e6a8ac9630775e2ac_left.png,1,,train
14672,001329.jpg,60619,right,raw/eyes/12d98cbe261fe14aa6701d7b3e015becf1cc3b2e0d3285b02ea73000555c4cb9_right.png,1,,train
16190,002088.jpg,61378,right,raw/eyes/04a394e426141534614cab8be499ac3054330692fc81177a074cf6e529bbdfd5_right.png,0,closed,train
12834,000410.jpg,59700,right,raw/eyes/0281c2c3cfcb010fe4d4bbc46092a4c570ce1997724f6543dc5966de49131223_right.png,0,blur,train
14269,001128.jpg,60418,left,raw/eyes/0bcd02b635684fe4f8f335d692658bbb5fd9a9801b901f408a4f5b154ce02f49_left.png,1,,train
17657,002822.jpg,62112,left,raw/eyes/008bdad1248b5b4267f9ecad582b508944a57c2c8e363dc0b65f84a231bc8b87_left.png,1,,train
15318,001652.jpg,60942,right,raw/eyes/190a3d5814e385fa5946b985b2b9637b6a73294409179b02d7830c6db5363ecc_right.png,0,sun_glasses,train
15826,001906.jpg,61196,right,raw/eyes/16c0103d2ba1a82b37f4e7aa5b6f70918d8aebb9cbfbe704897456b1e0774c47_right.png,1,,train
12597,000292.jpg,59582,left,raw/eyes/029f17aa5879336bd2f16e157d72e8a93a92b4c686f410d7c89c88209981b4fc_left.png,1,,train
12767,000377.jpg,59667,left,raw/eyes/1d93f3381bdbda34e0c05ea724fa1cf189b25c9ee8f762ecb5c028f961166ec4_left.png,1,,train
15056,001521.jpg,60811,right,raw/eyes/0ddcdaea20778a167b5212bce6402b3c60c0af1445d55c23583ad37d27940912_right.png,1,,train
13817,000902.jpg,60192,left,raw/eyes/02e6c8abbfe0f1a885772ffe5f557b95ccdedcac3fe1dd81b7c0cfaeb06ed534_left.png,1,,train
13671,000829.jpg,60119,left,raw/eyes/192511fda086d7b5ca5f6faa2a8efe25417e748e776c4df44086e67b9d5d33eb_left.png,0,blur,train
16545,002266.jpg,61556,left,raw/eyes/063e89b91d3abefa30545db087eb53485f4356b653f0fc1402f52a734d508b9a_left.png,1,,train
16837,002412.jpg,61702,left,raw/eyes/1b19c58c2dafe53b2ec1881a5f74c83fa13569cc11a4ab60beae3acbd2a643b6_left.png,0,reflection,train
16080,002033.jpg,61323,right,raw/eyes/1a068ab634865b6b13f85614b1abbbc9c11939ce8065bfeebf795a5753daee7c_right.png,1,,train
16524,002255.jpg,61545,right,raw/eyes/13eb6dbed1db749a9f8b9ef694d9854ffe8f22f7f8cb56ebdf3699b8149cccc3_right.png,0,closed,train
16795,002391.jpg,61681,left,raw/eyes/137a0686708f9fe72ce87c43897efb038264c690eae64bef128ca1970d873403_left.png,0,closed,train
15988,001987.jpg,61277,right,raw/eyes/0e764cd134c20eaa3244ab184140e91ad0c79b98d0742acd034199c11c03910d_right.png,0,hairs,train
15644,001815.jpg,61105,right,raw/eyes/1526e0197b3f88600cb0b9b2c5ef2c652db9bcce4822fae964e5fbc5dda57bd8_right.png,0,closed,train
12881,000434.jpg,59724,left,raw/eyes/0a80d17b5d80e36624199063b4a676e4e43923e01689dc75d067c04590693e5c_left.png,0,blur,train
15039,001513.jpg,60803,left,raw/eyes/0a4cb3ea195539926747a91f8fee48e9a838fd21d1c801c38e62fe3009dd1bb2_left.png,1,,train
13674,000830.jpg,60120,right,raw/eyes/166cdeb2a73805aaf42c9d0ee90a694122bf63a42a0b5af5216d7e22db70bdff_right.png,1,,train
14270,001128.jpg,60418,right,raw/eyes/0bcd02b635684fe4f8f335d692658bbb5fd9a9801b901f408a4f5b154ce02f49_right.png,1,,train
13146,000566.jpg,59856,right,raw/eyes/17a655e2a6196db2be970f83002718dc08ac6cc9433390fb83b5f852d912b376_right.png,0,reflection,train
13099,000543.jpg,59833,left,raw/eyes/10b46efc0efc09933af7ec0f9c777050668f1ef2816d0563e274b3cd16f22c7e_left.png,1,,train
16757,002372.jpg,61662,left,raw/eyes/12dac5c70bae2a3793e83219bab4a6b85b404b3b95520603f9df48799a643c81_left.png,0,reflection,train
14349,001168.jpg,60458,left,raw/eyes/05c659b155bf5818f6862d9e7868ee144c96480353b147ea4baf6bd1d939176e_left.png,0,closed,train
15878,001932.jpg,61222,right,raw/eyes/1cdf052d9d977d91bfdd808d56a6352b59d370f6c200f87f6fa16aa89f18e3c3_right.png,0,closed,train
17197,002592.jpg,61882,left,raw/eyes/0ef0f3a06e87c5266b489cd97488ad193107a4db7761a31f5bdbd6814228fa58_left.png,0,reflection,train
16301,002144.jpg,61434,left,raw/eyes/0795193d940d9bc1ff60a721349c0686e109e5f6853371fa60cc708ab2c7f4af_left.png,0,closed,train
12099,000043.jpg,59333,left,raw/eyes/0e579e676bf0c944f31a08fe5a9d54363e4fa1780e63629c9763d0857e6d3848_left.png,1,,train
17982,002984.jpg,62274,right,raw/eyes/16519cc106caa291d3d0da67d1991ad467adb1044e18fc052602b99a4cbee0c5_right.png,1,,train
14970,001478.jpg,60768,right,raw/eyes/109204f2822f75e2367d8dc5c75bf7f3172a9912f31803557658d2da2c566a40_right.png,1,,train
12041,000014.jpg,59304,left,raw/eyes/0fb8dd912168c9ca3e9bdbbccff94cd183616ca746350ec32966197f3e59941f_left.png,1,,train
16940,002463.jpg,61753,right,raw/eyes/087b5241e675b3b71b014f4df10cb07bb15c6329932dd0765aeaab8d205a0e19_right.png,1,,train
17811,002899.jpg,62189,left,raw/eyes/189a0b3d1b3ab0d85d3761b1794864d53ec35888fc1f2bab1c0f20e9df4ecbfc_left.png,1,,train
13664,000825.jpg,60115,right,raw/eyes/08ee54a6f418b1925c8fb79be2e82899d7b50e4afa6fb66cc3005cfc90ae5a6d_right.png,1,,train
17239,002613.jpg,61903,left,raw/eyes/0af2914ba9eb111fc869bd63f99b7079bdef130944d2ec122c15d480135670d6_left.png,0,blur,train
12524,000255.jpg,59545,right,raw/eyes/0cde4eebe303ec2a2f306d31be8d250352cf65680eefbcdc3fe7ad139d00f0f3_right.png,1,,train
12888,000437.jpg,59727,right,raw/eyes/05aafa3988b3bce5f088dc24bad1be348bfa34c1f2c132d437c01174ec0779ad_right.png,1,,train
14869,001428.jpg,60718,left,raw/eyes/16c444c2608daf14758e6a633f25af452783a3ac93b9248481ed1304023b8528_left.png,1,,train
15840,001913.jpg,61203,right,raw/eyes/12fbd978eccdaa5361909a9744d9d019f703562fcbd4bda7b6287e95797cb871_right.png,0,reflection,train
16939,002463.jpg,61753,left,raw/eyes/087b5241e675b3b71b014f4df10cb07bb15c6329932dd0765aeaab8d205a0e19_left.png,1,,train
13600,000793.jpg,60083,right,raw/eyes/1b08a2158f6891bb4c4a71da3570182c618783aff76e2ca2af97d304556b0347_right.png,1,,train
15406,001696.jpg,60986,right,raw/eyes/1909251e70e795192d6e462ae5b60cda7c9651add68cdd07a3a8ee0796987e05_right.png,1,,train
17463,002725.jpg,62015,left,raw/eyes/096c4bf2f8823a798d6eef664a8f0ff772aabf1c3a1320e4d061b51c886137c2_left.png,1,,train
16991,002489.jpg,61779,left,raw/eyes/0ef0ceea18630750169dda7521b65013fc02e06f2653de64a04193a7f8e6a922_left.png,0,blur,train
17952,002969.jpg,62259,right,raw/eyes/1d6515bd74d5c4e819b47e8b823425ba52d1028cac77852a4392723a27555087_right.png,0,blur,train
14374,001180.jpg,60470,right,raw/eyes/16cdc6c4d59c87c5291e177f42e34d75576237611615016146af6132518c6b22_right.png,1,,train
13727,000857.jpg,60147,left,raw/eyes/14d8e319daf0d9cd6b15d7e2babfec35915207b9d7eb06641410667bc6170cd7_left.png,1,,train
16992,002489.jpg,61779,right,raw/eyes/0ef0ceea18630750169dda7521b65013fc02e06f2653de64a04193a7f8e6a922_right.png,0,blur,train
17966,002976.jpg,62266,right,raw/eyes/160567dbc9eb710bc55f057531a1d52efda494933197d6d0b1836ebb161b73a2_right.png,0,blur,train
17814,002900.jpg,62190,right,raw/eyes/0fe117410f292d57beee80d71c44e154c853e7539ec83ed2f30619371e03873b_right.png,1,,train
12584,000285.jpg,59575,right,raw/eyes/1356a7afba408ab669e753aee58e784edef7fc28ea8bb02291cf24e516415e68_right.png,1,,train
17235,002611.jpg,61901,left,raw/eyes/1ab6642c7dd5cef4bd836ff2a08bc018702bd59cd2c5d5efa85806a3c841eab8_left.png,1,,train
13968,000977.jpg,60267,right,raw/eyes/0f2880e8bc1867260134c76cdfb41c1ceee4511200e150f69b4f79ae987153e1_right.png,0,reflection,train
14373,001180.jpg,60470,left,raw/eyes/16cdc6c4d59c87c5291e177f42e34d75576237611615016146af6132518c6b22_left.png,1,,train
13673,000830.jpg,60120,left,raw/eyes/166cdeb2a73805aaf42c9d0ee90a694122bf63a42a0b5af5216d7e22db70bdff_left.png,1,,train
16862,002424.jpg,61714,right,raw/eyes/13cf26a3a2b1d022fb708480e02b61ac2face7e76270fa9380f5b6fe5091fdf4_right.png,0,reflection,train
16070,002028.jpg,61318,right,raw/eyes/121b79450086061ab1adfcc9f90343eaa793815c8f0e7e5acaef6230f9462d6e_right.png,1,,train
13432,000709.jpg,59999,right,raw/eyes/0b1a4a897226e0e435290049dac7215f52c05437e44d03ef80c74d4acfc35f4e_right.png,1,,train
14638,001312.jpg,60602,right,raw/eyes/0f4ebf23a476f32ba92faa802ec31f68ce3f43c09f6d0fbca662e857e7235d23_right.png,0,reflection,train
12049,000018.jpg,59308,left,raw/eyes/1c3578ac068168a05563f22ee424b1c26a7bcea5063c56582306b2518b092e97_left.png,0,closed,train
15354,001670.jpg,60960,right,raw/eyes/1662df49428e684128a69a505e1918c7fdd51d9328321e01606aa04e3492352c_right.png,0,blur,train
12612,000299.jpg,59589,right,raw/eyes/0f576a98e8e196e5c77b7e0d8fc27d1f032aa2a476c09a247f8a60ee664a4572_right.png,1,,train
13377,000682.jpg,59972,left,raw/eyes/05524337d39ab98a5cccd738ed78f1463622eb2afff806d88fae3adcb4cf22b4_left.png,1,,train
14607,001297.jpg,60587,left,raw/eyes/1a6a2a201df2a821cc01969400fcf5836b6256cc1c0baaf83a436e3b2deb6383_left.png,1,,train
13241,000614.jpg,59904,left,raw/eyes/0db378b60626c5633e73f0771bb7d7b4c96ea57a08d7bf320ccbe52ec57b1377_left.png,1,,train
14544,001265.jpg,60555,right,raw/eyes/06224912d395e3d278ffb63a5799f12d144f583a0be6c22717603daa146bd571_right.png,0,hairs,train
12857,000422.jpg,59712,left,raw/eyes/0908dd74d50e702dc17b57a5b2efc9be847aa743231888ee71f8d9d4c492f302_left.png,1,,train
17138,002562.jpg,61852,right,raw/eyes/11e7e912b3b8026101dce7f3ed0df809f606a0b36b163575a1faeb836dc75df6_right.png,0,hairs,train
16645,002316.jpg,61606,left,raw/eyes/1ccc6682708eca8777a09a5de8d0362203085be4c2dc65f1dba6f5477dc4bd1e_left.png,1,,train
13626,000806.jpg,60096,right,raw/eyes/134e914c033edf8623afb5b3933b6eb446b5a6a0a2e67a48e727d338834d7d93_right.png,0,blur,train
12488,000237.jpg,59527,right,raw/eyes/0886e75854700d19348f8a92bdeb0027a7fff2a92fbd27548ebdc791920b6aea_right.png,0,reflection,train
16724,002355.jpg,61645,right,raw/eyes/0265e3ffb36d7fa97a0cedfaa2e560b48f136d1d603a35ccb7a1722a92395628_right.png,1,,train
15164,001575.jpg,60865,right,raw/eyes/1ba576792e639b6d512a0681bbace7c4fd9a9339b9aa98755ba68301dad75754_right.png,1,,train
12105,000046.jpg,59336,left,raw/eyes/1d2c243b2416cb4d7c87644484c19dae2450e7cf160ca6b56c69120d3bcae457_left.png,1,,train
12091,000039.jpg,59329,left,raw/eyes/189ea84a7cb6b3436eb8a32204bcc394ca5bb01d125995293de579592ad0a8c3_left.png,0,closed,train
15231,001609.jpg,60899,left,raw/eyes/19430890cfb513064d1da8790fea40624cdd6da19f548c7a15dd995b27dea7ef_left.png,0,closed,train
13804,000895.jpg,60185,right,raw/eyes/0667469741a1cea57ce748aa5b5c45d29b95710f6c04234e6a8ac9630775e2ac_right.png,1,,train
16785,002386.jpg,61676,left,raw/eyes/19f036c9e7ad2cebeceb948c70ae35a6ee7b8b301a49f8fa0e9d6260f9d59b25_left.png,0,side_eye,train
13353,000670.jpg,59960,left,raw/eyes/1a85e7ae5fa34f1bc450a572bafc41817f6fe2f723ed470714d2fcbf02788196_left.png,1,,train
13469,000728.jpg,60018,left,raw/eyes/166e8083806407cf9200e76c4064c6dced95c9f2e95a9bd7d044be955c4b2ee4_left.png,0,closed,train
15825,001906.jpg,61196,left,raw/eyes/16c0103d2ba1a82b37f4e7aa5b6f70918d8aebb9cbfbe704897456b1e0774c47_left.png,0,hairs,train
16523,002255.jpg,61545,left,raw/eyes/13eb6dbed1db749a9f8b9ef694d9854ffe8f22f7f8cb56ebdf3699b8149cccc3_left.png,0,closed,train
14013,001000.jpg,60290,left,raw/eyes/0068dd10bffeaf78d5290426704016f69748750e02e9835597821f7bff9446c3_left.png,1,,train
12405,000196.jpg,59486,left,raw/eyes/194fcc6cb8e97e5fe44f0c01a948c910830453bbcb27a041c6f8a7920f8c2e85_left.png,0,reflection,train
14485,001236.jpg,60526,left,raw/eyes/19c31669b62532c6b5c0519dbc5716574744e19f1252fa8d5b89cb67392593d9_left.png,0,reflection,train
13695,000841.jpg,60131,left,raw/eyes/0f7c6374c23ddff381d8e997767d4fc8ce8987c36fd6f6c0bd407f335c654b68_left.png,0,hairs,train
16989,002488.jpg,61778,left,raw/eyes/13a499d1ed21d0e170c7cef8004f8b97d132bafbdca0706f6f39cd4cbe07a424_left.png,0,reflection,train
13865,000926.jpg,60216,left,raw/eyes/186cc6bbb57f3823f940be93b47cfb60b2e1f632b512f9972146d64ef9f77011_left.png,0,closed,train
13938,000962.jpg,60252,right,raw/eyes/019cae624741275e36cc4023bd6b68482b7f4a61b769997e3238684a101db716_right.png,1,,train
15277,001632.jpg,60922,left,raw/eyes/00a2b94727fc900f76435e2553431d38e11385cf3a391497bf6e7d5bfcffa189_left.png,1,,train
14179,001083.jpg,60373,left,raw/eyes/069466f08a3bc4f4924d916d955adfc45dca3ded4233f3d0380ecb639cb2c7e3_left.png,0,blur,train
17907,002947.jpg,62237,left,raw/eyes/0fa79ce5af47ffc013d74f2b4aeb33faef832085b8ecc4cfe8a6add2df7c2a14_left.png,1,,train
13773,000880.jpg,60170,left,raw/eyes/1a10697c16483536b73706c189617a6c76974376f03dbf8b19b895e53c1b5cdf_left.png,0,reflection,train
14580,001283.jpg,60573,right,raw/eyes/034ec6d01d209cfe11f1ae70e73d039ab2d59beda727db5794ed4048b9e05f5e_right.png,1,,train
16624,002305.jpg,61595,right,raw/eyes/0bc071e70644995f2a5b7c2363c59d0c7446c3e9781efcb9a315b9e217578bdb_right.png,0,reflection,train
14685,001336.jpg,60626,left,raw/eyes/168691331d700ce9f90ed7e5c0dc85257b4e2bf7cb76642e9a54f75919bfe35e_left.png,1,,train
13018,000502.jpg,59792,right,raw/eyes/15815be0c42b501375fe98672bf3f57a7c52e88643022ecede4ff5c0b9226701_right.png,1,,train
17540,002763.jpg,62053,right,raw/eyes/06a2667513790a4142cc6d9d149e7c7c3ce692e79408c1c56dbf5997cbe7db9a_right.png,1,,train
16910,002448.jpg,61738,right,raw/eyes/1a10caa242eb1d8997355ab902033f6676122d993aa73ada6351fc0c97c401ad_right.png,1,,train
16061,002024.jpg,61314,left,raw/eyes/1b47640f8221897e03d223716a0131d1d2346e1763341e7a2e5f70463e173562_left.png,1,,train
16081,002034.jpg,61324,left,raw/eyes/04d08930d8154200ece5f9943190bc85e0f7cd8a0759858548347a3ccb35752e_left.png,0,closed,train
17137,002562.jpg,61852,left,raw/eyes/11e7e912b3b8026101dce7f3ed0df809f606a0b36b163575a1faeb836dc75df6_left.png,1,,train
13060,000523.jpg,59813,right,raw/eyes/05dde9deab7022bc3ffaee7255416be1e45c349064f7e8690e1bd1e2ae2e90de_right.png,1,,train
15509,001748.jpg,61038,left,raw/eyes/016070293176ec929a4b2adbd766d81fdd1ca5d5b4751c6ad27e24e7d4bb6cc4_left.png,1,,train
13264,000625.jpg,59915,right,raw/eyes/074dd0fc9649e1f52d2f4638ff0c6fa84a7ff0c73b1092d75912c517673870b2_right.png,0,blur,train
17802,002894.jpg,62184,right,raw/eyes/1784f6ad05fe91b90b882e583cfcd986e353052f1cc746cc0465a58fd2cd6fac_right.png,1,,train
17518,002752.jpg,62042,right,raw/eyes/1815adca2782e2d316b1845317041d22238e90f5b5e95c5036574e643fa43998_right.png,1,,train
16413,002200.jpg,61490,left,raw/eyes/1b40cf61dad4518a23c96327d166d1d3a120fef95d8ee54cb951de0be59a8483_left.png,1,,train
14074,001030.jpg,60320,right,raw/eyes/10cc6fb8dc285fa15dbfed0aca60296c48f1f43d3a74504ef0eebf08935ad75c_right.png,0,reflection,train
16889,002438.jpg,61728,left,raw/eyes/0c76717a93f4b00b6d9efcc45da95605baef90409e67896df62deadcf4173563_left.png,0,reflection,train
12772,000379.jpg,59669,right,raw/eyes/08e1a0b9ccba456222266d84ecbb90d4a6ac52cf90bc8af1e2e47f07097311b7_right.png,0,blur,train
16681,002334.jpg,61624,left,raw/eyes/1c606c830cf94c4d3e3ddb3054b3d494c013446cdcb2f4d3c2dafb3341fa9add_left.png,1,,train
14117,001052.jpg,60342,left,raw/eyes/14b825a3fbfc7fbd83aee3180949307737e7f0e9c906dc1173df179afc5c5d4c_left.png,0,hairs,train
12883,000435.jpg,59725,left,raw/eyes/12bb36963e20574d0fb1a1b8b3de0ec9fcddcfd63d89c129c073768b058aa4fc_left.png,1,,train
18033,003010.jpg,62300,left,raw/eyes/05831b63c7612b2f9a28b2376372d9e04caf5e4b841a498f423c680ccfa8c2ac_left.png,1,,train
16249,002118.jpg,61408,left,raw/eyes/1772ac863f7633a3fbac03e9318e6c9153aec6f2684abb439c023af28b6535df_left.png,0,blur,train
17385,002686.jpg,61976,left,raw/eyes/0b8ef5a730220d2bd78a1cc43977b24653c71f6a6291ed032081e9c21d98f0f8_left.png,0,reflection,train
13416,000701.jpg,59991,right,raw/eyes/0fe351dd9611085f6a798033040cfafa71373238992618d7fcb32b292c4397ee_right.png,1,,train
14402,001194.jpg,60484,right,raw/eyes/011a1eb3e0f503c79bf0bbb32aafef14d5c483cd8ce69c1e1586df8e114d0ccd_right.png,1,,train
16129,002058.jpg,61348,left,raw/eyes/10f45fd1c9d767e77e1a7c081737c80446dde2a7fefc95077a6c6ee73a85f8e4_left.png,1,,train
15278,001632.jpg,60922,right,raw/eyes/00a2b94727fc900f76435e2553431d38e11385cf3a391497bf6e7d5bfcffa189_right.png,1,,train
13048,000517.jpg,59807,right,raw/eyes/00b3caf9ac97862a54795189b43d356e174d025749bd98e794606d28cdc69cb2_right.png,1,,train
12945,000466.jpg,59756,left,raw/eyes/0f19702d9877db32787b3e5d1347dc1855d3c26706eb2c242dab9d79d7d6e1e8_left.png,1,,train
15593,001790.jpg,61080,left,raw/eyes/19cdd56e7999f364413da7f2ec634138237f884771692812f4f839231acec8a9_left.png,1,,train
13855,000921.jpg,60211,left,raw/eyes/18f25bbbf8b734ba7ee6a8652adcce5014dcbf8caa2daa0e7f7838237ab45d91_left.png,1,,train
13875,000931.jpg,60221,left,raw/eyes/0a274c26624c0d816c2ec7145cce7c47e536c3d19d3c3faac5aa0277c1f2c26a_left.png,0,side_eye,train
12558,000272.jpg,59562,right,raw/eyes/1760601ff64b493908c0871535ac41e5657ee5388c725f5c1fb5052041843438_right.png,1,,train
13334,000660.jpg,59950,right,raw/eyes/095ca8d76ad6344035cc3e8acd455d8c5993a5cce88d49651e62e2b7724b5fb3_right.png,0,blur,train
15306,001646.jpg,60936,right,raw/eyes/04735eb867dc4968a715f9e2a982465d4ffa205b1bfa4e91f565ce142be612d6_right.png,0,blur,train
17157,002572.jpg,61862,left,raw/eyes/10731eab5b06fd64c76856c56c437257b3a8065b3c1d913eeb7c11b22c3ccaa8_left.png,1,,train
14579,001283.jpg,60573,left,raw/eyes/034ec6d01d209cfe11f1ae70e73d039ab2d59beda727db5794ed4048b9e05f5e_left.png,0,closed,train
12824,000405.jpg,59695,right,raw/eyes/00a69a76de919a1f9bb4057139787ef21197dc3046fd803564abda1afc8ff3ba_right.png,1,,train
17187,002587.jpg,61877,left,raw/eyes/0ca1c05c7eb56391521d8c81141e802bf20e6dc0853a20aa323080f379b27a90_left.png,0,closed,train
14784,001385.jpg,60675,right,raw/eyes/1ae1f788bc06e32a7dfd3c5d8fc536bb423abad83b0e288b287dbdd19ec7ddb0_right.png,0,sun_glasses,train
13734,000860.jpg,60150,right,raw/eyes/0504f8276b601bd1f58633d3c9eb1f041389c453acf9ece7b33355e8dd430aa2_right.png,1,,train
14476,001231.jpg,60521,right,raw/eyes/0ec2aec6e4e9e7a59f98a45a31ea97ab0dc4c881a20c50199788ced4bd123fd0_right.png,0,closed,train
14203,001095.jpg,60385,left,raw/eyes/181a2a2c5f1083098c7c72910de8a9d72fb777271512d2fdccf673e09114e65d_left.png,1,,train
12055,000021.jpg,59311,left,raw/eyes/0d206544c0d47e580ee551a556c088d1a426c8e2d8a979b5bc63654031d0565e_left.png,0,blur,train
17195,002591.jpg,61881,left,raw/eyes/0e5c7f7edd4528d2e092b41696f14400fa3fbf45c2c96112f12270269347a121_left.png,1,,train
14194,001090.jpg,60380,right,raw/eyes/0d004108fcd390430eddce94f72f2f08651bcedf7f6fee2c6c91ec8b71f0fd9e_right.png,0,blur,train
17801,002894.jpg,62184,left,raw/eyes/1784f6ad05fe91b90b882e583cfcd986e353052f1cc746cc0465a58fd2cd6fac_left.png,1,,train
12815,000401.jpg,59691,left,raw/eyes/07fa290338a3ca2707dd8a3d8c01c72054141cf98b0df07bdc55b02357296fff_left.png,1,,train
12583,000285.jpg,59575,left,raw/eyes/1356a7afba408ab669e753aee58e784edef7fc28ea8bb02291cf24e516415e68_left.png,1,,train
13281,000634.jpg,59924,left,raw/eyes/05e7b7ad3f9c52ed36903d853599638b6ee128b875aaef8420ab25656147e67b_left.png,1,,train
16368,002177.jpg,61467,right,raw/eyes/11a468464214b39c1aeab30ce43dfe7762a5a798d229ba2b965e40794ec5651f_right.png,0,reflection,train
14475,001231.jpg,60521,left,raw/eyes/0ec2aec6e4e9e7a59f98a45a31ea97ab0dc4c881a20c50199788ced4bd123fd0_left.png,0,side_eye,train
17061,002524.jpg,61814,left,raw/eyes/0a9cfe348d72a0529c7721307efbe3546817c19e65d7c1245383ea0ff0e2f0bc_left.png,1,,train
14401,001194.jpg,60484,left,raw/eyes/011a1eb3e0f503c79bf0bbb32aafef14d5c483cd8ce69c1e1586df8e114d0ccd_left.png,1,,train
14680,001333.jpg,60623,right,raw/eyes/06bdc8b7d10915bad6abe24d46abd344e7b32d0b9a438e62e8eff6fb4bf13f99_right.png,1,,train
17645,002816.jpg,62106,left,raw/eyes/04eba64513a6dbde5339215633f04fbb9f2f511baa50a807ebf49a4baa35ed75_left.png,1,,train
16665,002326.jpg,61616,left,raw/eyes/0f80f5d271c14f0ef63c7e79c3d003a0c7b0489919370a1341f1b1762fd402c6_left.png,1,,train
16616,002301.jpg,61591,right,raw/eyes/0f194ba8662c4c58cf8843407bd246b0990c36a0995dfece388feb4b65a31bfb_right.png,1,,train
17001,002494.jpg,61784,left,raw/eyes/18c753611819800b8d7f103da1783a151ee107ff03b436bc0aab4c28a5a6a690_left.png,1,,train
17730,002858.jpg,62148,right,raw/eyes/1624204066098bc89fe335902088d6553be43f2c4e93f0bbccd47f6fd5d2ecf3_right.png,1,,train
16367,002177.jpg,61467,left,raw/eyes/11a468464214b39c1aeab30ce43dfe7762a5a798d229ba2b965e40794ec5651f_left.png,1,,train
12468,000227.jpg,59517,right,raw/eyes/0defc259a1c975c1653944f25e76abcc56c39ecf13494a2644d1144cae87c8af_right.png,0,side_eye,train
12024,000005.jpg,59295,right,raw/eyes/0acac5af2efe06ecaaded431943420cdfbd98ebe88d845da95bed4c409549f95_right.png,1,,train
13774,000880.jpg,60170,right,raw/eyes/1a10697c16483536b73706c189617a6c76974376f03dbf8b19b895e53c1b5cdf_right.png,0,reflection,train
13333,000660.jpg,59950,left,raw/eyes/095ca8d76ad6344035cc3e8acd455d8c5993a5cce88d49651e62e2b7724b5fb3_left.png,0,blur,train
14578,001282.jpg,60572,right,raw/eyes/1b18c274564ebdd1faf7e6c45a811e7fd35a599d51e627c597edb39c0bee1fce_right.png,1,,train
17558,002772.jpg,62062,right,raw/eyes/1ab9678258e25493920df046c688a798408c93bed83c13a383db5b14c350a2ac_right.png,1,,train
13054,000520.jpg,59810,right,raw/eyes/193e9a7655c41b93a6f481a5f858d6c3bf4ba63a1dce4a81e120fcb39859afa9_right.png,0,sun_glasses,train
16185,002086.jpg,61376,left,raw/eyes/140faf67d4f6fc6e6e5ffa42095ee569ab86ca59390b359b49118420eaba6acd_left.png,1,,train
14994,001490.jpg,60780,right,raw/eyes/1c66e05b63a5745328c52e4753fc2fbe56aee34b4fdf788b8dd6e6611aeeafee_right.png,0,closed,train
17658,002822.jpg,62112,right,raw/eyes/008bdad1248b5b4267f9ecad582b508944a57c2c8e363dc0b65f84a231bc8b87_right.png,1,,train
12092,000039.jpg,59329,right,raw/eyes/189ea84a7cb6b3436eb8a32204bcc394ca5bb01d125995293de579592ad0a8c3_right.png,0,blur,train
13047,000517.jpg,59807,left,raw/eyes/00b3caf9ac97862a54795189b43d356e174d025749bd98e794606d28cdc69cb2_left.png,1,,train
12342,000164.jpg,59454,right,raw/eyes/0e0c2baa90cdcb86980d4a95c2340aefcbee8eeeb729a2f9885a1b06ebbdc823_right.png,1,,train
15312,001649.jpg,60939,right,raw/eyes/11517bebaf850212d0501def85db173edf9c5c31db1c9480cc53da019aa506d7_right.png,1,,train
14923,001455.jpg,60745,left,raw/eyes/05213319d84ff2803ca47689b1f5ddd19402d9444fee081b865540fba8436e6d_left.png,1,,train
17002,002494.jpg,61784,right,raw/eyes/18c753611819800b8d7f103da1783a151ee107ff03b436bc0aab4c28a5a6a690_right.png,1,,train
16065,002026.jpg,61316,left,raw/eyes/06b83bb80346b8e70459f0e22fd9ab5d57cb814fce993995a2f9d43f9db09a43_left.png,1,,train
15580,001783.jpg,61073,right,raw/eyes/000688fa5933cbb0f5061a0c352ef9b0e6ac58521d9f5af19172ba7471270adb_right.png,1,,train
14992,001489.jpg,60779,right,raw/eyes/1103772035da9539a86c5974974b54b65362379e699ca41703accf35b5804116_right.png,0,blur,train
17557,002772.jpg,62062,left,raw/eyes/1ab9678258e25493920df046c688a798408c93bed83c13a383db5b14c350a2ac_left.png,1,,train
14935,001461.jpg,60751,left,raw/eyes/05602cdce809fb951040d95d7fd5c17c690422920af2b1c70586c2c41f8f6254_left.png,1,,train
15081,001534.jpg,60824,left,raw/eyes/0a06b85c62695a87097f872b85ee578b2ad959f3d1e4da2ff8799e4af0e5bd57_left.png,1,,train
16002,001994.jpg,61284,right,raw/eyes/0343637d888e4cc227ec976d2942d8e0944078d3ecbd1c6f6e967cf3c5c91ef3_right.png,1,,train
13415,000701.jpg,59991,left,raw/eyes/0fe351dd9611085f6a798033040cfafa71373238992618d7fcb32b292c4397ee_left.png,1,,train
12965,000476.jpg,59766,left,raw/eyes/07a1906620e0d44416a6c5f400136e446e0e4d517861cbba40e1a09ae6761f0a_left.png,1,,train
12153,000070.jpg,59360,left,raw/eyes/16051746e768c420bf097b11c79f70441b8053c36f6a1e04ed7aab7cb73b51d2_left.png,0,side_eye,train
14993,001490.jpg,60780,left,raw/eyes/1c66e05b63a5745328c52e4753fc2fbe56aee34b4fdf788b8dd6e6611aeeafee_left.png,0,closed,train
13364,000675.jpg,59965,right,raw/eyes/190c0be00a1460688dcdc6d3a106badb8bf9dcd639cf79f88280f523504a6693_right.png,0,sun_glasses,train
16492,002239.jpg,61529,right,raw/eyes/0220a4f3119da1bacd3cae72266ece0608b9289b2bfe17184d0d2445b07fe03d_right.png,1,,train
17474,002730.jpg,62020,right,raw/eyes/0ed2cbb69fe05a16cfc24415d6720304cb95532aedd5a27c077b464534231340_right.png,1,,train
13316,000651.jpg,59941,right,raw/eyes/15225fc3d3b47e04ba05efee982c4961692e62b7ae4459853cafd755f39ea435_right.png,1,,train
17460,002723.jpg,62013,right,raw/eyes/18ded20ce1f16cebdf7ed5df9cd5605893a3395cad9ecb6da763936dffe577ac_right.png,1,,train
14180,001083.jpg,60373,right,raw/eyes/069466f08a3bc4f4924d916d955adfc45dca3ded4233f3d0380ecb639cb2c7e3_right.png,0,blur,train
15877,001932.jpg,61222,left,raw/eyes/1cdf052d9d977d91bfdd808d56a6352b59d370f6c200f87f6fa16aa89f18e3c3_left.png,0,side_eye,train
17564,002775.jpg,62065,right,raw/eyes/0e9f6861c69cdda81884897a5a220a539228bd899e40ce86296a2380157e4179_right.png,1,,train
16984,002485.jpg,61775,right,raw/eyes/0848c5f0a81da9a1f9656eaeae462e3950c669bdc0bc5399e81e99fe871d0baf_right.png,1,,train
16633,002310.jpg,61600,left,raw/eyes/08e9729af2c5e7c7f803dc73caef1b5f4fe3635815d6ff746be38076d4461974_left.png,0,closed,train
17223,002605.jpg,61895,left,raw/eyes/13c69018b2b060ca7e8786fcae866b0239d78c9dec897c32fc1feb7766e6997d_left.png,1,,train
13856,000921.jpg,60211,right,raw/eyes/18f25bbbf8b734ba7ee6a8652adcce5014dcbf8caa2daa0e7f7838237ab45d91_right.png,1,,train
12920,000453.jpg,59743,right,raw/eyes/0696a67a6802b8dc516daab47146027fe512475d81b5f73a1aab82fed4377f56_right.png,0,blur,train
14453,001220.jpg,60510,left,raw/eyes/03646b6e9c0ee8f72df6f8b1f9c95cbd555301c812f886cc3f408e622a242d5b_left.png,1,,train
17684,002835.jpg,62125,right,raw/eyes/09d46fc9af3f122195fd1c3b6eff43b3d89c4b27975687d232e13d413f1ada6b_right.png,0,closed,train
13937,000962.jpg,60252,left,raw/eyes/019cae624741275e36cc4023bd6b68482b7f4a61b769997e3238684a101db716_left.png,1,,train
16646,002316.jpg,61606,right,raw/eyes/1ccc6682708eca8777a09a5de8d0362203085be4c2dc65f1dba6f5477dc4bd1e_right.png,1,,train
12712,000349.jpg,59639,right,raw/eyes/0304412d0af77bd724ef3bb0f41718c8985c38e1ba040b73c53bb330b9b28c5c_right.png,1,,train
13145,000566.jpg,59856,left,raw/eyes/17a655e2a6196db2be970f83002718dc08ac6cc9433390fb83b5f852d912b376_left.png,0,reflection,train
15073,001530.jpg,60820,left,raw/eyes/0f1a2e51b6720e4d2a776a8c04bb79769f584ab18ad808663c0a502bd7fdbfcd_left.png,1,,train
16756,002371.jpg,61661,right,raw/eyes/1d4d56c32966362e431d5a64674ea394886e70ac767e7eda637702595d08f168_right.png,0,closed,train
17008,002497.jpg,61787,right,raw/eyes/08f0c1d051ed6885da2f32e688af3cf61ff93c243c5e381c5573ab02272c4dbd_right.png,1,,train
12668,000327.jpg,59617,right,raw/eyes/1074e4db717ac9c15e2a985852cde078b25d4151ad23674010fcecc790428c2a_right.png,0,blur,train
16135,002061.jpg,61351,left,raw/eyes/02ec21d88439b6cfb586333cc298a0bb6fbc8cd67d3b5f4c5564d44e442fdd92_left.png,0,sun_glasses,train
12975,000481.jpg,59771,left,raw/eyes/09fa8682c353bca5a775339626151e83f512c87c1b733b3c839a3442df825838_left.png,1,,train
12230,000108.jpg,59398,right,raw/eyes/16c0142159f68a09f8f71e47b180e0cbd7be64c5eb124b28d165fb328d4a431b_right.png,1,,train
17412,002699.jpg,61989,right,raw/eyes/01bfe9b93d1c42a039fef8cdf4a870ed32aeb15eac72bf4066a358049087b8f3_right.png,0,closed,train
14721,001354.jpg,60644,left,raw/eyes/043a0a31505db2a04334459e4df289ec44a1ee1153909bda64987dd29fc6a4b1_left.png,0,closed,train
14649,001318.jpg,60608,left,raw/eyes/0ad905dc2f51dea354dcd0c710857c7431fd470b4903b28df4839a2a9d8b9690_left.png,1,,train
15813,001900.jpg,61190,left,raw/eyes/1a02b5781955536e881e3a2b303154a10e727499414d97ae2152ee5c42286075_left.png,1,,train
14118,001052.jpg,60342,right,raw/eyes/14b825a3fbfc7fbd83aee3180949307737e7f0e9c906dc1173df179afc5c5d4c_right.png,0,closed,train
12259,000123.jpg,59413,left,raw/eyes/14d7e3fdac9d3f2f26338e2545bbc6cffeb19ccc760bb0e1c33d93ccba0c0136_left.png,1,,train
16337,002162.jpg,61452,left,raw/eyes/0f063771cf8c6c8af6cf26cfc2f82eafc6ff499ff9cb7e3157dee2de8f9ec4b2_left.png,1,,train
13026,000506.jpg,59796,right,raw/eyes/0c5f6f6404f20a0128bf3b518a74f09d579c3779a646e2cecee16038c457375d_right.png,1,,train
17007,002497.jpg,61787,left,raw/eyes/08f0c1d051ed6885da2f32e688af3cf61ff93c243c5e381c5573ab02272c4dbd_left.png,1,,train
12803,000395.jpg,59685,left,raw/eyes/17671d46203dca3a69ab4882b4c8f67422ef96454d9a20f67fda627f0e6cc5a7_left.png,0,closed,train
17901,002944.jpg,62234,left,raw/eyes/107d3a94d50bebb514fcb457f2c91865d50aae3f0b60a299d5f93432027ec0ef_left.png,0,blur,train
17479,002733.jpg,62023,left,raw/eyes/025db4055850d3eff646ccec729eb73e28c54bfffac59b130425cd6a6d31a0f5_left.png,1,,train
14333,001160.jpg,60450,left,raw/eyes/0b15c8870627eeb8a6775fef6a45d64224551351ebaeaaac11b7e450ea749f40_left.png,1,,train
17438,002712.jpg,62002,right,raw/eyes/0e3ba6d3739cd155725620f3b78472d87712a2cac0aeae3190ac7e6fd27219ef_right.png,1,,train
15083,001535.jpg,60825,left,raw/eyes/0aa99abf5e46e9be798a1781ff48e5d6e8be6e156efef423f73adcb3ba5da2ce_left.png,1,,train
17683,002835.jpg,62125,left,raw/eyes/09d46fc9af3f122195fd1c3b6eff43b3d89c4b27975687d232e13d413f1ada6b_left.png,0,closed,train
16623,002305.jpg,61595,left,raw/eyes/0bc071e70644995f2a5b7c2363c59d0c7446c3e9781efcb9a315b9e217578bdb_left.png,1,,train
17205,002596.jpg,61886,left,raw/eyes/17dfcbb9389e893140084018680559ce0f32e77664e4ef5982cf00f31aa92d56_left.png,0,closed,train
14844,001415.jpg,60705,right,raw/eyes/1b15684621cdb087f851351312e093ec70778087cce799d1d376178f0cc0ee9c_right.png,0,side_eye,train
14925,001456.jpg,60746,left,raw/eyes/03a6180a67e33da8cc34d722aa1392908e929ce631940446295616e16c3761d7_left.png,1,,train
14332,001159.jpg,60449,right,raw/eyes/0ae236d0e6de8e6ecb67f0cc24241d7b82baa997671088863ef4c7b51c22c808_right.png,1,,train
15194,001590.jpg,60880,right,raw/eyes/04b4eb3a03e24aaf458d369ad4c1684d34ad757286a973d371f450fe8321d251_right.png,1,,train
14778,001382.jpg,60672,right,raw/eyes/0e71805f698ec2c531774b18d0237d67255e668cd111a8803a19cc4874bb333c_right.png,0,hairs,train
12667,000327.jpg,59617,left,raw/eyes/1074e4db717ac9c15e2a985852cde078b25d4151ad23674010fcecc790428c2a_left.png,0,blur,train
17937,002962.jpg,62252,left,raw/eyes/1d881415b7cf8ceb89c68f63172a3b15f73926e91119044f3eae869e750a73cc_left.png,0,blur,train
14702,001344.jpg,60634,right,raw/eyes/0a8d6d8994dfa9911aa36bcc98e9c0b85b6767de15bf77b2aa6ba0ca5290625a_right.png,0,blur,train
12487,000237.jpg,59527,left,raw/eyes/0886e75854700d19348f8a92bdeb0027a7fff2a92fbd27548ebdc791920b6aea_left.png,0,reflection,train
16635,002311.jpg,61601,left,raw/eyes/1a05b5d12eb6a6b2231651451a55fd1c21e276667fd35e6956b24f53fc3fd277_left.png,1,,train
12557,000272.jpg,59562,left,raw/eyes/1760601ff64b493908c0871535ac41e5657ee5388c725f5c1fb5052041843438_left.png,1,,train
15004,001495.jpg,60785,right,raw/eyes/04f60051706f27ed27cdfaec53a43e62d60988ac94e7ad080da5df79545c543b_right.png,1,,train
14131,001059.jpg,60349,left,raw/eyes/144e279819bbd9c1b3eafd4755bb045a9a9c89d7e072017902d10c111cf213a9_left.png,1,,train
17048,002517.jpg,61807,right,raw/eyes/182807e70161302bf04b7a8e16c4f7b3ddb7685ff25ac73c555466c9ba51557f_right.png,1,,train
14719,001353.jpg,60643,left,raw/eyes/0e3abf518ae25bb9a631f3641ff13a36b3820f189605acc3c6f0d9b919470444_left.png,1,,train
14686,001336.jpg,60626,right,raw/eyes/168691331d700ce9f90ed7e5c0dc85257b4e2bf7cb76642e9a54f75919bfe35e_right.png,0,reflection,train
15055,001521.jpg,60811,left,raw/eyes/0ddcdaea20778a167b5212bce6402b3c60c0af1445d55c23583ad37d27940912_left.png,1,,train
17196,002591.jpg,61881,right,raw/eyes/0e5c7f7edd4528d2e092b41696f14400fa3fbf45c2c96112f12270269347a121_right.png,1,,train
15836,001911.jpg,61201,right,raw/eyes/06493580e0e9a13fa9ce2534a16951bb3d94b9dd4a0e78f984498bd2c667b619_right.png,0,blur,train
15933,001960.jpg,61250,left,raw/eyes/17e1a66997aae7260c294fae1ab23012d6471f9cbb051fe40008cee6e89520b2_left.png,0,reflection,train
16414,002200.jpg,61490,right,raw/eyes/1b40cf61dad4518a23c96327d166d1d3a120fef95d8ee54cb951de0be59a8483_right.png,1,,train
13261,000624.jpg,59914,left,raw/eyes/136a1b1fb667e80d45703f4b8d2b04b7c6af3e4780f92cac232490f0a1dc04ab_left.png,0,sun_glasses,train
15204,001595.jpg,60885,right,raw/eyes/0693229306ed3651bd1bb89d99053bb5b7a4652189eb357b61769a8445665abd_right.png,1,,train
12823,000405.jpg,59695,left,raw/eyes/00a69a76de919a1f9bb4057139787ef21197dc3046fd803564abda1afc8ff3ba_left.png,1,,train
16634,002310.jpg,61600,right,raw/eyes/08e9729af2c5e7c7f803dc73caef1b5f4fe3635815d6ff746be38076d4461974_right.png,0,closed,train
16832,002409.jpg,61699,right,raw/eyes/0584b77689a419b352b0525e676e93d0b87a834a48bb49985734318e862aeaa8_right.png,1,,train
15059,001523.jpg,60813,left,raw/eyes/0f9a664a8d023a5a2bd00021a2d6b8553a6d73617e489ca6ce523ca5f27b1f7b_left.png,0,closed,train
16186,002086.jpg,61376,right,raw/eyes/140faf67d4f6fc6e6e5ffa42095ee569ab86ca59390b359b49118420eaba6acd_right.png,1,,train
16102,002044.jpg,61334,right,raw/eyes/04e3254b71e911594bbd1caf5b7fc9e153130ea638796848f8ddbc19d8f50852_right.png,1,,train
12518,000252.jpg,59542,right,raw/eyes/0c6ccdd2e585ec63328e16b38a4bad575c07db3cb76d51a4a30bb3418ba9dc5c_right.png,1,,train
15401,001694.jpg,60984,left,raw/eyes/158fac8b6e265432f2d177cf2cf6d964abc69185d3a39798da8f0ba67bfcbff6_left.png,1,,train
13363,000675.jpg,59965,left,raw/eyes/190c0be00a1460688dcdc6d3a106badb8bf9dcd639cf79f88280f523504a6693_left.png,0,sun_glasses,train
15311,001649.jpg,60939,left,raw/eyes/11517bebaf850212d0501def85db173edf9c5c31db1c9480cc53da019aa506d7_left.png,1,,train
14926,001456.jpg,60746,right,raw/eyes/03a6180a67e33da8cc34d722aa1392908e929ce631940446295616e16c3761d7_right.png,1,,train
13378,000682.jpg,59972,right,raw/eyes/05524337d39ab98a5cccd738ed78f1463622eb2afff806d88fae3adcb4cf22b4_right.png,1,,train
12462,000224.jpg,59514,right,raw/eyes/0eabd8df38992a33645ba0fa1108d347404729f73d85f565927616f5d007d91b_right.png,0,blur,train
17812,002899.jpg,62189,right,raw/eyes/189a0b3d1b3ab0d85d3761b1794864d53ec35888fc1f2bab1c0f20e9df4ecbfc_right.png,0,blur,train
16723,002355.jpg,61645,left,raw/eyes/0265e3ffb36d7fa97a0cedfaa2e560b48f136d1d603a35ccb7a1722a92395628_left.png,1,,train
16452,002219.jpg,61509,right,raw/eyes/1c7febc81fe742f1afe39ec9b7cbfcc95a020d6c690403a9b04e3154164815ba_right.png,1,,train
13818,000902.jpg,60192,right,raw/eyes/02e6c8abbfe0f1a885772ffe5f557b95ccdedcac3fe1dd81b7c0cfaeb06ed534_right.png,1,,train
13040,000513.jpg,59803,right,raw/eyes/0786fab815633b39806e124107ba6f36dd4b07439338334f70ac3dddeba421da_right.png,0,hairs,train
15814,001900.jpg,61190,right,raw/eyes/1a02b5781955536e881e3a2b303154a10e727499414d97ae2152ee5c42286075_right.png,1,,train
13825,000906.jpg,60196,left,raw/eyes/100859a8fc41aa971d99fb69980511d2260068b164059ceda01e604c0b01ab81_left.png,0,side_eye,train
16771,002379.jpg,61669,left,raw/eyes/053900ef019d6fceead858bfa239c0dd041027102058b38043226f271cfd7856_left.png,1,,train
15771,001879.jpg,61169,left,raw/eyes/0dfb5ebf23fafe72595fef061e6ec7cab0c54fb03e1d0d240a90ee11f11f21a2_left.png,0,blur,train
14608,001297.jpg,60587,right,raw/eyes/1a6a2a201df2a821cc01969400fcf5836b6256cc1c0baaf83a436e3b2deb6383_right.png,1,,train
12749,000368.jpg,59658,left,raw/eyes/05726c1993907a9b877275e095e48b5586a4b365f3bbdbc7510ba144aad9d1b6_left.png,0,closed,train
18013,003000.jpg,62290,left,raw/eyes/1cef96bf4e11ccdf1ec56d2eede74ad333caeaac05ae0dc1eaaaf9ecb5f3b4f3_left.png,1,,train
15783,001885.jpg,61175,left,raw/eyes/0ba3e9c7fc4ed1bec27e9351d14d41b6d5176d4d04d271ba06726eb474380b6c_left.png,1,,train
17437,002712.jpg,62002,left,raw/eyes/0e3ba6d3739cd155725620f3b78472d87712a2cac0aeae3190ac7e6fd27219ef_left.png,1,,train
13508,000747.jpg,60037,right,raw/eyes/1182cb32c2e7ffdb92a9ac5dac8f70f563ec235584f0d4e55e4ac523d270a0ed_right.png,1,,train
14843,001415.jpg,60705,left,raw/eyes/1b15684621cdb087f851351312e093ec70778087cce799d1d376178f0cc0ee9c_left.png,1,,train
13515,000751.jpg,60041,left,raw/eyes/00de741a6958f49c60d1adfb163aa84034237768d29ffa17503c127d4912acef_left.png,1,,train
16311,002149.jpg,61439,left,raw/eyes/17cf47c2784ae21092d4ff8cba1231181ec7bcfdf6d6194440bcd86776f0e675_left.png,1,,train
12050,000018.jpg,59308,right,raw/eyes/1c3578ac068168a05563f22ee424b1c26a7bcea5063c56582306b2518b092e97_right.png,1,,train
13645,000816.jpg,60106,left,raw/eyes/124e7b4cac7115eca207f1103f353503a3ea8c8842a9d0ebd2c7143aa57f5aae_left.png,1,,train
17517,002752.jpg,62042,left,raw/eyes/1815adca2782e2d316b1845317041d22238e90f5b5e95c5036574e643fa43998_left.png,1,,train
18009,002998.jpg,62288,left,raw/eyes/1c9ead24f4ce21fbbb407ca0ffc3f999b482d9d5af3d0f04fcdfa3ac3e1d4029_left.png,1,,train
14783,001385.jpg,60675,left,raw/eyes/1ae1f788bc06e32a7dfd3c5d8fc536bb423abad83b0e288b287dbdd19ec7ddb0_left.png,0,sun_glasses,train
15543,001765.jpg,61055,left,raw/eyes/008e152dbdf4b1c18f6fa573fe371d1036a6766522f9ab01ce46304b8a6031a8_left.png,0,side_eye,train
17032,002509.jpg,61799,right,raw/eyes/042d44d40450a3789c41661a9bd3a68227e0d7a5673ed15a27f6351bea0d86b5_right.png,0,hairs,train
13599,000793.jpg,60083,left,raw/eyes/1b08a2158f6891bb4c4a71da3570182c618783aff76e2ca2af97d304556b0347_left.png,0,closed,train
13946,000966.jpg,60256,right,raw/eyes/11f39159b9426d4fb74ea94c729fb38172270703880fe024aedac79b13bfcd3e_right.png,1,,train
17539,002763.jpg,62053,left,raw/eyes/06a2667513790a4142cc6d9d149e7c7c3ce692e79408c1c56dbf5997cbe7db9a_left.png,1,,train
12951,000469.jpg,59759,left,raw/eyes/1c7d43c8d1df4b6c054ffe7ab0060fa9c636af0fe93d3ff712032eb795366ea2_left.png,1,,train
16518,002252.jpg,61542,right,raw/eyes/09a6ecad6f999a2f3145de48827ff0a3fe494c5f6be77abc6ff2c46b410ac141_right.png,1,,train
14555,001271.jpg,60561,left,raw/eyes/0ad3f117a09f0b3a7f89828aa36d6220833a090b0fe31656d353d0137a95df0d_left.png,1,,train
16592,002289.jpg,61579,right,raw/eyes/1756719bd5aac9e237bd72d2a9d1efbeb3fc39e9759aae18ab9bc5e03a2e4633_right.png,1,,train
16079,002033.jpg,61323,left,raw/eyes/1a068ab634865b6b13f85614b1abbbc9c11939ce8065bfeebf795a5753daee7c_left.png,1,,train
13449,000718.jpg,60008,left,raw/eyes/1afeb3ee651fdb5d9a10b0cedaf3f23283561897340357132c9b85fe9047a71a_left.png,0,reflection,train
13075,000531.jpg,59821,left,raw/eyes/16122c61969b62e50d1a3343ce0a8464fa27fbfcf751e557a69c6e10a3a044fb_left.png,1,,train
14640,001313.jpg,60603,right,raw/eyes/14739db2b1f99a9561b6ed50d9085710aff946ea14158be9eff8c1d5fc3d5596_right.png,1,,train
17981,002984.jpg,62274,left,raw/eyes/16519cc106caa291d3d0da67d1991ad467adb1044e18fc052602b99a4cbee0c5_left.png,1,,train
15003,001495.jpg,60785,left,raw/eyes/04f60051706f27ed27cdfaec53a43e62d60988ac94e7ad080da5df79545c543b_left.png,1,,train
13733,000860.jpg,60150,left,raw/eyes/0504f8276b601bd1f58633d3c9eb1f041389c453acf9ece7b33355e8dd430aa2_left.png,1,,train
14924,001455.jpg,60745,right,raw/eyes/05213319d84ff2803ca47689b1f5ddd19402d9444fee081b865540fba8436e6d_right.png,1,,train
14077,001032.jpg,60322,left,raw/eyes/038ce78787ab46cb80ed7b6ceebf1fd7e3f5000ff46c00cd2682b3632647bda6_left.png,0,closed,train
16772,002379.jpg,61669,right,raw/eyes/053900ef019d6fceead858bfa239c0dd041027102058b38043226f271cfd7856_right.png,1,,train
17464,002725.jpg,62015,right,raw/eyes/096c4bf2f8823a798d6eef664a8f0ff772aabf1c3a1320e4d061b51c886137c2_right.png,1,,train
13272,000629.jpg,59919,right,raw/eyes/054a0815f4d4bbdbff1358b2283221a29c3ba10d75ee53018644b610e81c0221_right.png,1,,train
12463,000225.jpg,59515,left,raw/eyes/0fc6dd0598e82e5da360ee43b0331a763326b10eebbdfbfa7d25a3524ddccf4c_left.png,1,,train
16909,002448.jpg,61738,left,raw/eyes/1a10caa242eb1d8997355ab902033f6676122d993aa73ada6351fc0c97c401ad_left.png,0,side_eye,train
13321,000654.jpg,59944,left,raw/eyes/04f837236610f04e5ad5957b6e9f1c0ebebf263527a313244f352ba89ef4a94f_left.png,0,side_eye,train
17880,002933.jpg,62223,right,raw/eyes/1acfa8e184ae6879a74002eb330f447027e2db2cec9129cef532be644768f0b5_right.png,1,,train
14350,001168.jpg,60458,right,raw/eyes/05c659b155bf5818f6862d9e7868ee144c96480353b147ea4baf6bd1d939176e_right.png,0,closed,train
16753,002370.jpg,61660,left,raw/eyes/024a0f1fe1b7a17485569d0d4eee5b59dba749c40ba29eea7449a75b5c58e403_left.png,0,closed,train
14183,001085.jpg,60375,left,raw/eyes/1565a797eb6a0b0c4687dec5ec5dcfdbe127b47915b241e41a08424db3d900d5_left.png,0,hairs,train
15363,001675.jpg,60965,left,raw/eyes/1d2634219cfe80f6a4baff665b7f012796cea5734d3930ec1598bcad65ffc783_left.png,0,sun_glasses,train
16013,002000.jpg,61290,left,raw/eyes/0b04c060d9329bfeb86b050cc0e72a2b847aee7fd6eb43ff78567a7e8a9b9117_left.png,1,,train
14661,001324.jpg,60614,left,raw/eyes/0e99c76494f0db58f3d5b74e5d5340430aee8e52190d68f332b9bd87eb0e54e8_left.png,0,closed,train
13677,000832.jpg,60122,left,raw/eyes/1cd1ab4c116ae9a333a5a4582b4b57b9c8f26d5955cd53e9fa201cb7e334e7c7_left.png,1,,train
16796,002391.jpg,61681,right,raw/eyes/137a0686708f9fe72ce87c43897efb038264c690eae64bef128ca1970d873403_right.png,1,,train
14119,001053.jpg,60343,left,raw/eyes/0f31a0f33012c85aa13d06f3b22c8194a0be1738b8fa24e72589d45781548ca0_left.png,1,,train
13112,000549.jpg,59839,right,raw/eyes/05eb05c056530077ec7c082838529cb4db51ac74653d6bbf4c15e6e4871c9222_right.png,1,,train
14637,001312.jpg,60602,left,raw/eyes/0f4ebf23a476f32ba92faa802ec31f68ce3f43c09f6d0fbca662e857e7235d23_left.png,0,reflection,train
17642,002814.jpg,62104,right,raw/eyes/0bc19fd7bdec7edeaa5a0c4400a724f620eff844ebbbaa183716950a6329e087_right.png,0,reflection,train
17134,002560.jpg,61850,right,raw/eyes/053f02a8d74a058fb70f48569210acc344312814b50f45719beae2eece557ae5_right.png,0,hairs,train
15084,001535.jpg,60825,right,raw/eyes/0aa99abf5e46e9be798a1781ff48e5d6e8be6e156efef423f73adcb3ba5da2ce_right.png,1,,train
12517,000252.jpg,59542,left,raw/eyes/0c6ccdd2e585ec63328e16b38a4bad575c07db3cb76d51a4a30bb3418ba9dc5c_left.png,0,blur,train
16855,002421.jpg,61711,left,raw/eyes/110e0aa8378c37e36c2d41c2619a591b0a9c1c2cfb527444f7b92d63566550c9_left.png,0,reflection,train
15364,001675.jpg,60965,right,raw/eyes/1d2634219cfe80f6a4baff665b7f012796cea5734d3930ec1598bcad65ffc783_right.png,0,sun_glasses,train
17206,002596.jpg,61886,right,raw/eyes/17dfcbb9389e893140084018680559ce0f32e77664e4ef5982cf00f31aa92d56_right.png,0,closed,train
13460,000723.jpg,60013,right,raw/eyes/1be5ac3c3eaefe093033201c27f8dab42fa6a959e7735087582de35836a65aba_right.png,1,,train
12461,000224.jpg,59514,left,raw/eyes/0eabd8df38992a33645ba0fa1108d347404729f73d85f565927616f5d007d91b_left.png,0,blur,train
14000,000993.jpg,60283,right,raw/eyes/1104c7a302fc6af1305fc40ac9e7b45af37eeb4d134264ff4cc96ae833b505f0_right.png,0,blur,train
13262,000624.jpg,59914,right,raw/eyes/136a1b1fb667e80d45703f4b8d2b04b7c6af3e4780f92cac232490f0a1dc04ab_right.png,0,sun_glasses,train
14720,001353.jpg,60643,right,raw/eyes/0e3abf518ae25bb9a631f3641ff13a36b3820f189605acc3c6f0d9b919470444_right.png,1,,train
17453,002720.jpg,62010,left,raw/eyes/0013b78c8c6a5bd274345f9e04b008a0af9619b32c9d5637e1978e947c5e1994_left.png,1,,train
17459,002723.jpg,62013,left,raw/eyes/18ded20ce1f16cebdf7ed5df9cd5605893a3395cad9ecb6da763936dffe577ac_left.png,1,,train
13322,000654.jpg,59944,right,raw/eyes/04f837236610f04e5ad5957b6e9f1c0ebebf263527a313244f352ba89ef4a94f_right.png,0,side_eye,train
15845,001916.jpg,61206,left,raw/eyes/0791b553b624c71b78ccb800cca4802ed2b0b636efef8f22f09a62794c876531_left.png,1,,train
14474,001230.jpg,60520,right,raw/eyes/0c343abbdb2287f31e8c7edea8b82829bd6bc1bca880735c46e28a2cb2fa2f55_right.png,1,,train
14486,001236.jpg,60526,right,raw/eyes/19c31669b62532c6b5c0519dbc5716574744e19f1252fa8d5b89cb67392593d9_right.png,0,reflection,train
16831,002409.jpg,61699,left,raw/eyes/0584b77689a419b352b0525e676e93d0b87a834a48bb49985734318e862aeaa8_left.png,1,,train
12590,000288.jpg,59578,right,raw/eyes/0a7eb6fcb922921db9aa75a3e4dd44224cb9cd9720ffe808d0bbb0a4f6c2f4c1_right.png,1,,train
13780,000883.jpg,60173,right,raw/eyes/09d1f6105650c24699f6c2b4534984b7a918d9a6e7985cc606195351c5201fef_right.png,1,,train
13625,000806.jpg,60096,left,raw/eyes/134e914c033edf8623afb5b3933b6eb446b5a6a0a2e67a48e727d338834d7d93_left.png,0,blur,train
15058,001522.jpg,60812,right,raw/eyes/0d8ef1914d5ccda202308415e0566e241c67783fbb39dabd51000bfb38fd8226_right.png,0,closed,train
16408,002197.jpg,61487,right,raw/eyes/0d396003216c898a54bd11fa73e5861daaeab738a4495584097b4c60b32b4a75_right.png,0,closed,train
14163,001075.jpg,60365,left,raw/eyes/15d9f7442910c437f23353961bb5d60fa31d19f01fcb5ffef98e6f6ed2b92079_left.png,1,,train
12816,000401.jpg,59691,right,raw/eyes/07fa290338a3ca2707dd8a3d8c01c72054141cf98b0df07bdc55b02357296fff_right.png,1,,train
15604,001795.jpg,61085,right,raw/eyes/121dd77085625cbf4f2061c718f9e620c8313e3ef1e72456bb54ae7ca228be93_right.png,1,,train
14508,001247.jpg,60537,right,raw/eyes/0e056d14cbfd7c58c64520058bfca0c475fe23d34e8d678f510781a050d59b4b_right.png,1,,train
17842,002914.jpg,62204,right,raw/eyes/00ad10081208f6f08673e8ee1283e2a06d89400698799f5243d2600b60923ba6_right.png,1,,train
15987,001987.jpg,61277,left,raw/eyes/0e764cd134c20eaa3244ab184140e91ad0c79b98d0742acd034199c11c03910d_left.png,1,,train
17394,002690.jpg,61980,right,raw/eyes/05d0648c4313c30853d4c847b47e0b8728bd267aece3ff2e1dae6c6cc198d565_right.png,1,,train
13282,000634.jpg,59924,right,raw/eyes/05e7b7ad3f9c52ed36903d853599638b6ee128b875aaef8420ab25656147e67b_right.png,0,reflection,train
13876,000931.jpg,60221,right,raw/eyes/0a274c26624c0d816c2ec7145cce7c47e536c3d19d3c3faac5aa0277c1f2c26a_right.png,1,,train
12897,000442.jpg,59732,left,raw/eyes/1d9868fef859af2a87c875b6563527acebfe23cf1f784419c0980b88f1b26a92_left.png,1,,train
12341,000164.jpg,59454,left,raw/eyes/0e0c2baa90cdcb86980d4a95c2340aefcbee8eeeb729a2f9885a1b06ebbdc823_left.png,1,,train
13944,000965.jpg,60255,right,raw/eyes/09b6d0faf8c4ef669e8a521ce1bd3393fff3c921156f09c36df0be354ad347e9_right.png,0,blur,train
14964,001475.jpg,60765,right,raw/eyes/12c1c3ef843236f5bedf467237fff850c1040fbe1e6154c563276f8f70e30854_right.png,1,,train
12808,000397.jpg,59687,right,raw/eyes/1607acf9a1d34e3cd60c37f10ce6ab99188b35725181bdb0ceeb29829182abb2_right.png,1,,train
17908,002947.jpg,62237,right,raw/eyes/0fa79ce5af47ffc013d74f2b4aeb33faef832085b8ecc4cfe8a6add2df7c2a14_right.png,0,reflection,train
14078,001032.jpg,60322,right,raw/eyes/038ce78787ab46cb80ed7b6ceebf1fd7e3f5000ff46c00cd2682b3632647bda6_right.png,0,closed,train
15074,001530.jpg,60820,right,raw/eyes/0f1a2e51b6720e4d2a776a8c04bb79769f584ab18ad808663c0a502bd7fdbfcd_right.png,1,,train
16983,002485.jpg,61775,left,raw/eyes/0848c5f0a81da9a1f9656eaeae462e3950c669bdc0bc5399e81e99fe871d0baf_left.png,1,,train
14662,001324.jpg,60614,right,raw/eyes/0e99c76494f0db58f3d5b74e5d5340430aee8e52190d68f332b9bd87eb0e54e8_right.png,0,closed,train
13329,000658.jpg,59948,left,raw/eyes/1cf709c1170339cf8072bdf24a6a0187b97efb5b10105eaed83ae9d81edb0732_left.png,0,hairs,train
17379,002683.jpg,61973,left,raw/eyes/1aee49a9befe7d86c80c29fbc78521bd19aa90270c1d5b010080601c71d4db47_left.png,1,,train
16540,002263.jpg,61553,right,raw/eyes/109ae0776f1c3c2a0c999cb0b27ae3b618d690f44c5c2f5a9c4bdfa346c4b33d_right.png,1,,train
16250,002118.jpg,61408,right,raw/eyes/1772ac863f7633a3fbac03e9318e6c9153aec6f2684abb439c023af28b6535df_right.png,0,blur,valid
13354,000670.jpg,59960,right,raw/eyes/1a85e7ae5fa34f1bc450a572bafc41817f6fe2f723ed470714d2fcbf02788196_right.png,0,closed,valid
15405,001696.jpg,60986,left,raw/eyes/1909251e70e795192d6e462ae5b60cda7c9651add68cdd07a3a8ee0796987e05_left.png,0,blur,valid
12833,000410.jpg,59700,left,raw/eyes/0281c2c3cfcb010fe4d4bbc46092a4c570ce1997724f6543dc5966de49131223_left.png,0,blur,valid
14123,001055.jpg,60345,left,raw/eyes/1aecf4dc4b55d58e332647818bb3eadf7bf751edecfb58dd764195a1efef2e45_left.png,1,,valid
15510,001748.jpg,61038,right,raw/eyes/016070293176ec929a4b2adbd766d81fdd1ca5d5b4751c6ad27e24e7d4bb6cc4_right.png,1,,valid
13459,000723.jpg,60013,left,raw/eyes/1be5ac3c3eaefe093033201c27f8dab42fa6a959e7735087582de35836a65aba_left.png,1,,valid
13659,000823.jpg,60113,left,raw/eyes/09e51df7e850a1d54dfecdfae94632d7268911c3423f013ccc68815fcd5bf497_left.png,1,,valid
12766,000376.jpg,59666,right,raw/eyes/0f2d2b7aacc89ff9e69903331104c56910284c94b756fdd4ebf6a8d27e9f2877_right.png,0,blur,valid
14586,001286.jpg,60576,right,raw/eyes/14e620cfaf61085b72da5c54300d9e6685c5d771e6918939db89f5c66872524c_right.png,0,blur,valid
14575,001281.jpg,60571,left,raw/eyes/024b841d461a56f6874db7defd5b8994927a32e1c9d13d7410976c704679ee7a_left.png,1,,valid
14502,001244.jpg,60534,right,raw/eyes/1d0d17e6db9f11e63f4a41d0de8a5aad039c79eb26fd05305a81ff08677801fa_right.png,1,,valid
14122,001054.jpg,60344,right,raw/eyes/1aef6ba359a8a459a6237ff69b9708991a760556142340855216cedbf268cbc1_right.png,1,,valid
13762,000874.jpg,60164,right,raw/eyes/137344fa5e86db499493edc90dd42010535c2b94952d8dc4792548c4d981599f_right.png,1,,valid
17430,002708.jpg,61998,right,raw/eyes/06eb7929c40eb4b5f631e3c12899bb4d62f1d40c163cbeddb7502336fafa1e02_right.png,1,,valid
15394,001690.jpg,60980,right,raw/eyes/1c26b8fd344b8f1b7f927bd5174f39ae0b4d509ba1a381181c11e191449906fa_right.png,1,,valid
12598,000292.jpg,59582,right,raw/eyes/029f17aa5879336bd2f16e157d72e8a93a92b4c686f410d7c89c88209981b4fc_right.png,1,,valid
14556,001271.jpg,60561,right,raw/eyes/0ad3f117a09f0b3a7f89828aa36d6220833a090b0fe31656d353d0137a95df0d_right.png,1,,valid
17750,002868.jpg,62158,right,raw/eyes/0079bf0c408e67e24bcac7e85a9226ff181450345ff4ba12e700b27ea8f47ffc_right.png,0,sun_glasses,valid
15232,001609.jpg,60899,right,raw/eyes/19430890cfb513064d1da8790fea40624cdd6da19f548c7a15dd995b27dea7ef_right.png,0,closed,valid
17380,002683.jpg,61973,right,raw/eyes/1aee49a9befe7d86c80c29fbc78521bd19aa90270c1d5b010080601c71d4db47_right.png,1,,valid
12589,000288.jpg,59578,left,raw/eyes/0a7eb6fcb922921db9aa75a3e4dd44224cb9cd9720ffe808d0bbb0a4f6c2f4c1_left.png,1,,valid
16758,002372.jpg,61662,right,raw/eyes/12dac5c70bae2a3793e83219bab4a6b85b404b3b95520603f9df48799a643c81_right.png,0,reflection,valid
16001,001994.jpg,61284,left,raw/eyes/0343637d888e4cc227ec976d2942d8e0944078d3ecbd1c6f6e967cf3c5c91ef3_left.png,1,,valid
15203,001595.jpg,60885,left,raw/eyes/0693229306ed3651bd1bb89d99053bb5b7a4652189eb357b61769a8445665abd_left.png,1,,valid
17419,002703.jpg,61993,left,raw/eyes/0b2227f59fec2bbcac513394f7b68d6bd476cbe91094d27144fe7e9f3686acba_left.png,1,,valid
17274,002630.jpg,61920,right,raw/eyes/10b7301c25e4d30978fbcb66c5ac1c15aae03697d0ccaac1f5afab0ced8fad10_right.png,0,reflection,valid
14806,001396.jpg,60686,right,raw/eyes/0bfa42e8e3210f455cbc70bc0dc8498ce8c5be27db6108223f388525e348b6e9_right.png,1,,valid
17224,002605.jpg,61895,right,raw/eyes/13c69018b2b060ca7e8786fcae866b0239d78c9dec897c32fc1feb7766e6997d_right.png,1,,valid
15659,001823.jpg,61113,left,raw/eyes/0bcf4dfc7b892274ef4c5f1604acdb4e752981b7020706e96139d4f25746f1c0_left.png,0,blur,valid
16134,002060.jpg,61350,right,raw/eyes/034f1b581b400ad808540e1071974b43ece4e822e8a2c38d5798baa0b47f298b_right.png,0,blur,valid
14540,001263.jpg,60553,right,raw/eyes/1c4f399ce24b44626be85adb742fcaf8fdc71a504985e1ff258c80ec2390f9a6_right.png,0,closed,valid
13263,000625.jpg,59915,left,raw/eyes/074dd0fc9649e1f52d2f4638ff0c6fa84a7ff0c73b1092d75912c517673870b2_left.png,0,blur,valid
12930,000458.jpg,59748,right,raw/eyes/1a6a5dfa97dfc889bc7be6f283c3af0e63c138df5fef4182e883370e512310b7_right.png,0,closed,valid
14543,001265.jpg,60555,left,raw/eyes/06224912d395e3d278ffb63a5799f12d144f583a0be6c22717603daa146bd571_left.png,1,,valid
17563,002775.jpg,62065,left,raw/eyes/0e9f6861c69cdda81884897a5a220a539228bd899e40ce86296a2380157e4179_left.png,1,,valid
16890,002438.jpg,61728,right,raw/eyes/0c76717a93f4b00b6d9efcc45da95605baef90409e67896df62deadcf4173563_right.png,0,reflection,valid
12966,000476.jpg,59766,right,raw/eyes/07a1906620e0d44416a6c5f400136e446e0e4d517861cbba40e1a09ae6761f0a_right.png,1,,valid
14566,001276.jpg,60566,right,raw/eyes/00c46f83d574109dd44d9eafc38c59b81d8db4759df6b6bd695809c7c748dc73_right.png,1,,valid
14576,001281.jpg,60571,right,raw/eyes/024b841d461a56f6874db7defd5b8994927a32e1c9d13d7410976c704679ee7a_right.png,1,,valid
15594,001790.jpg,61080,right,raw/eyes/19cdd56e7999f364413da7f2ec634138237f884771692812f4f839231acec8a9_right.png,1,,valid
12807,000397.jpg,59687,left,raw/eyes/1607acf9a1d34e3cd60c37f10ce6ab99188b35725181bdb0ceeb29829182abb2_left.png,1,,valid
15608,001797.jpg,61087,right,raw/eyes/090b13e5f17fc7767bdfcfae8b163fbe74f57ae164597c320abb980af30f3cb2_right.png,1,,valid
13945,000966.jpg,60256,left,raw/eyes/11f39159b9426d4fb74ea94c729fb38172270703880fe024aedac79b13bfcd3e_left.png,1,,valid
17454,002720.jpg,62010,right,raw/eyes/0013b78c8c6a5bd274345f9e04b008a0af9619b32c9d5637e1978e947c5e1994_right.png,1,,valid
12946,000466.jpg,59756,right,raw/eyes/0f19702d9877db32787b3e5d1347dc1855d3c26706eb2c242dab9d79d7d6e1e8_right.png,1,,valid
16328,002157.jpg,61447,right,raw/eyes/1039f9f1998334fa09fe83502c0024aa041f00baf5b364d9a41d940e839d52a1_right.png,0,side_eye,valid
13053,000520.jpg,59810,left,raw/eyes/193e9a7655c41b93a6f481a5f858d6c3bf4ba63a1dce4a81e120fcb39859afa9_left.png,0,sun_glasses,valid
18014,003000.jpg,62290,right,raw/eyes/1cef96bf4e11ccdf1ec56d2eede74ad333caeaac05ae0dc1eaaaf9ecb5f3b4f3_right.png,1,,valid
15544,001765.jpg,61055,right,raw/eyes/008e152dbdf4b1c18f6fa573fe371d1036a6766522f9ab01ce46304b8a6031a8_right.png,0,closed,valid
13014,000500.jpg,59790,right,raw/eyes/1a518a1e39884014ef1105f8f37a04def9dcb378fcc5542dacc07511a5c728d9_right.png,0,reflection,valid
12929,000458.jpg,59748,left,raw/eyes/1a6a5dfa97dfc889bc7be6f283c3af0e63c138df5fef4182e883370e512310b7_left.png,0,closed,valid
13185,000586.jpg,59876,left,raw/eyes/0255349e7691bb9208a57a39cf4814244e9587fb6002b8860de3b765fe44f363_left.png,1,,valid
12464,000225.jpg,59515,right,raw/eyes/0fc6dd0598e82e5da360ee43b0331a763326b10eebbdfbfa7d25a3524ddccf4c_right.png,1,,valid
16407,002197.jpg,61487,left,raw/eyes/0d396003216c898a54bd11fa73e5861daaeab738a4495584097b4c60b32b4a75_left.png,0,blur,valid
18066,003026.jpg,62316,right,raw/eyes/0e519fb40e337ef95aa7550e23918dae794d11bed43943dedef7dbdfebd4b399_right.png,1,,valid
17520,002753.jpg,62043,right,raw/eyes/0344844b699826cdd1608c756bf2f719a7d81168845a2d0aa50e067af5cafbc1_right.png,1,,valid
13728,000857.jpg,60147,right,raw/eyes/14d8e319daf0d9cd6b15d7e2babfec35915207b9d7eb06641410667bc6170cd7_right.png,1,,valid
16130,002058.jpg,61348,right,raw/eyes/10f45fd1c9d767e77e1a7c081737c80446dde2a7fefc95077a6c6ee73a85f8e4_right.png,1,,valid
15305,001646.jpg,60936,left,raw/eyes/04735eb867dc4968a715f9e2a982465d4ffa205b1bfa4e91f565ce142be612d6_left.png,0,blur,valid
14184,001085.jpg,60375,right,raw/eyes/1565a797eb6a0b0c4687dec5ec5dcfdbe127b47915b241e41a08424db3d900d5_right.png,1,,valid
15784,001885.jpg,61175,right,raw/eyes/0ba3e9c7fc4ed1bec27e9351d14d41b6d5176d4d04d271ba06726eb474380b6c_right.png,1,,valid
16838,002412.jpg,61702,right,raw/eyes/1b19c58c2dafe53b2ec1881a5f74c83fa13569cc11a4ab60beae3acbd2a643b6_right.png,0,reflection,valid
12056,000021.jpg,59311,right,raw/eyes/0d206544c0d47e580ee551a556c088d1a426c8e2d8a979b5bc63654031d0565e_right.png,0,blur,valid
13183,000585.jpg,59875,left,raw/eyes/03712813fbb5bfb62af2003905f3c05a964b9c064dea08bec57f7fe88b8cf8ee_left.png,1,,valid
14389,001188.jpg,60478,left,raw/eyes/131ce3269d70da71b53c04e6078fab7016909aacb6968c18ac5ee466daca14c3_left.png,0,reflection,valid
14722,001354.jpg,60644,right,raw/eyes/043a0a31505db2a04334459e4df289ec44a1ee1153909bda64987dd29fc6a4b1_right.png,0,closed,valid
14969,001478.jpg,60768,left,raw/eyes/109204f2822f75e2367d8dc5c75bf7f3172a9912f31803557658d2da2c566a40_left.png,1,,valid
14805,001396.jpg,60686,left,raw/eyes/0bfa42e8e3210f455cbc70bc0dc8498ce8c5be27db6108223f388525e348b6e9_left.png,1,,valid
16101,002044.jpg,61334,left,raw/eyes/04e3254b71e911594bbd1caf5b7fc9e153130ea638796848f8ddbc19d8f50852_left.png,1,,valid
16364,002175.jpg,61465,right,raw/eyes/0e9cbc08e474ee7150b28fb7b4303d1fa91af96440118ace4f3c0f8c20693bf8_right.png,0,blur,valid
16591,002289.jpg,61579,left,raw/eyes/1756719bd5aac9e237bd72d2a9d1efbeb3fc39e9759aae18ab9bc5e03a2e4633_left.png,0,hairs,valid
17938,002962.jpg,62252,right,raw/eyes/1d881415b7cf8ceb89c68f63172a3b15f73926e91119044f3eae869e750a73cc_right.png,0,blur,valid
16754,002370.jpg,61660,right,raw/eyes/024a0f1fe1b7a17485569d0d4eee5b59dba749c40ba29eea7449a75b5c58e403_right.png,0,closed,valid
17502,002744.jpg,62034,right,raw/eyes/1b665326bfb495dc98049e989aa367b97ecd6a91a13089d884efa2440b40db01_right.png,1,,valid
12720,000353.jpg,59643,right,raw/eyes/128e8498e0a0b11bfb5d42cce4b18cb61cc96ebcd6f226a9026cbbc78101e56f_right.png,1,,valid
15082,001534.jpg,60824,right,raw/eyes/0a06b85c62695a87097f872b85ee578b2ad959f3d1e4da2ff8799e4af0e5bd57_right.png,1,,valid
17381,002684.jpg,61974,left,raw/eyes/0ce6c44eb6a45be087eb1f15f9c96ed8268b22ca9a4c5a1e98bea543e24348fa_left.png,1,,valid
12711,000349.jpg,59639,left,raw/eyes/0304412d0af77bd724ef3bb0f41718c8985c38e1ba040b73c53bb330b9b28c5c_left.png,1,,valid
17523,002755.jpg,62045,left,raw/eyes/1b4d71f2108ef7ad5b3dcbb548069d89af85de6632df0c4ee000a6edf8db55c1_left.png,0,closed,valid
13275,000631.jpg,59921,left,raw/eyes/0c6acabb497a9176a52e14913600837937fee1778bccb9914656fc853b581c6c_left.png,0,reflection,valid
17382,002684.jpg,61974,right,raw/eyes/0ce6c44eb6a45be087eb1f15f9c96ed8268b22ca9a4c5a1e98bea543e24348fa_right.png,1,,valid
17161,002574.jpg,61864,left,raw/eyes/086d4249d74e60de2edc5e934c428815eec383fd1019d298bbbdeae8110a2af8_left.png,0,closed,valid
12919,000453.jpg,59743,left,raw/eyes/0696a67a6802b8dc516daab47146027fe512475d81b5f73a1aab82fed4377f56_left.png,0,side_eye,valid
13761,000874.jpg,60164,left,raw/eyes/137344fa5e86db499493edc90dd42010535c2b94952d8dc4792548c4d981599f_left.png,1,,valid
13660,000823.jpg,60113,right,raw/eyes/09e51df7e850a1d54dfecdfae94632d7268911c3423f013ccc68815fcd5bf497_right.png,1,,valid
14490,001238.jpg,60528,right,raw/eyes/1d2be723dbd2483248786d7c5dccf3473eb8a69e7e9c52a2ee53c447716c9661_right.png,1,,valid
14489,001238.jpg,60528,left,raw/eyes/1d2be723dbd2483248786d7c5dccf3473eb8a69e7e9c52a2ee53c447716c9661_left.png,1,,valid
17031,002509.jpg,61799,left,raw/eyes/042d44d40450a3789c41661a9bd3a68227e0d7a5673ed15a27f6351bea0d86b5_left.png,0,hairs,valid
14705,001346.jpg,60636,left,raw/eyes/0d5918e41ba3cf1b3525d43334ef7ef346bd99243e85dc08812bd9656cf1f42d_left.png,0,reflection,valid
13516,000751.jpg,60041,right,raw/eyes/00de741a6958f49c60d1adfb163aa84034237768d29ffa17503c127d4912acef_right.png,1,,valid
17841,002914.jpg,62204,left,raw/eyes/00ad10081208f6f08673e8ee1283e2a06d89400698799f5243d2600b60923ba6_left.png,1,,valid
15822,001904.jpg,61194,right,raw/eyes/00ff3c59737e8d0e39a5a4678c22f2784ff7b0171de77bfb2f2752b218ef0da9_right.png,1,,valid
15876,001931.jpg,61221,right,raw/eyes/11b3690c68641f3f3e63430aed631fe08909d48872b238214704e49fe7a839e0_right.png,0,reflection,valid
16036,002011.jpg,61301,right,raw/eyes/073d3d8d03422462aa1b8bb5222b7238369202b4ee3293e37608403b223faae4_right.png,0,blur,valid
12905,000446.jpg,59736,left,raw/eyes/0c3c87864ec9d804b1fd2753fec1ba844d015395a7d09cecf7bb112dfa11621b_left.png,0,closed,valid
13431,000709.jpg,59999,left,raw/eyes/0b1a4a897226e0e435290049dac7215f52c05437e44d03ef80c74d4acfc35f4e_left.png,1,,valid
16453,002220.jpg,61510,left,raw/eyes/199d1fb0bb3cb9c39a128adcd490b44cb91e6acd95e0d3a61d934e433be324ae_left.png,1,,valid
16546,002266.jpg,61556,right,raw/eyes/063e89b91d3abefa30545db087eb53485f4356b653f0fc1402f52a734d508b9a_right.png,1,,valid
15934,001960.jpg,61250,right,raw/eyes/17e1a66997aae7260c294fae1ab23012d6471f9cbb051fe40008cee6e89520b2_right.png,1,,valid
17158,002572.jpg,61862,right,raw/eyes/10731eab5b06fd64c76856c56c437257b3a8065b3c1d913eeb7c11b22c3ccaa8_right.png,1,,valid
15037,001512.jpg,60802,left,raw/eyes/0249ea26cd933df5315100ba390d62b8361b6cb50f6ab78f25c1ecfec2198ce6_left.png,1,,valid
15565,001776.jpg,61066,left,raw/eyes/19f86e57bc865f166a5407a129b359095405b3a7c43382a4cf9f6fd775c2a147_left.png,0,blur,valid
15846,001916.jpg,61206,right,raw/eyes/0791b553b624c71b78ccb800cca4802ed2b0b636efef8f22f09a62794c876531_right.png,1,,valid
16312,002149.jpg,61439,right,raw/eyes/17cf47c2784ae21092d4ff8cba1231181ec7bcfdf6d6194440bcd86776f0e675_right.png,1,,valid
17902,002944.jpg,62234,right,raw/eyes/107d3a94d50bebb514fcb457f2c91865d50aae3f0b60a299d5f93432027ec0ef_right.png,0,blur,test
15395,001691.jpg,60981,left,raw/eyes/13d2a20585837034930f6a1a058450b0e77ed0399d94420bb508169b26722b15_left.png,1,,test
15566,001776.jpg,61066,right,raw/eyes/19f86e57bc865f166a5407a129b359095405b3a7c43382a4cf9f6fd775c2a147_right.png,1,,test
15393,001690.jpg,60980,left,raw/eyes/1c26b8fd344b8f1b7f927bd5174f39ae0b4d509ba1a381181c11e191449906fa_left.png,1,,test
16850,002418.jpg,61708,right,raw/eyes/09c4e02019a23235e4b437badfb2280120ba615edb8cade606b671ecc8a1597b_right.png,0,closed,test
14698,001342.jpg,60632,right,raw/eyes/0dadbff05eaac25feb039444cf715328e6c6f8edd5d1db142136bcb726bc1c26_right.png,1,,test
17131,002559.jpg,61849,left,raw/eyes/0d39bf768b51f2f3318f20fdfce0f46d038f4746c22af1bd7cdc0b4f7826416e_left.png,1,,test
15396,001691.jpg,60981,right,raw/eyes/13d2a20585837034930f6a1a058450b0e77ed0399d94420bb508169b26722b15_right.png,1,,test
12523,000255.jpg,59545,left,raw/eyes/0cde4eebe303ec2a2f306d31be8d250352cf65680eefbcdc3fe7ad139d00f0f3_left.png,1,,test
15696,001841.jpg,61131,right,raw/eyes/05e4a652742d9e6f3497c13d06401c9e95e296f0cc9c4a09a1319d62d05e6877_right.png,1,,test
16491,002239.jpg,61529,left,raw/eyes/0220a4f3119da1bacd3cae72266ece0608b9289b2bfe17184d0d2445b07fe03d_left.png,1,,test
12854,000420.jpg,59710,right,raw/eyes/0f230b6375d2940a38b735a961276348d74419d33982608f59080c69e3b397c4_right.png,1,,test
12882,000434.jpg,59724,right,raw/eyes/0a80d17b5d80e36624199063b4a676e4e43923e01689dc75d067c04590693e5c_right.png,1,,test
12853,000420.jpg,59710,left,raw/eyes/0f230b6375d2940a38b735a961276348d74419d33982608f59080c69e3b397c4_left.png,1,,test
17623,002805.jpg,62095,left,raw/eyes/137f8ef5a5af2fc9fb6749be7f903e0629fdb6c9f9107fd544915716a2b94111_left.png,1,,test
16636,002311.jpg,61601,right,raw/eyes/1a05b5d12eb6a6b2231651451a55fd1c21e276667fd35e6956b24f53fc3fd277_right.png,1,,test
14963,001475.jpg,60765,left,raw/eyes/12c1c3ef843236f5bedf467237fff850c1040fbe1e6154c563276f8f70e30854_left.png,1,,test
15643,001815.jpg,61105,left,raw/eyes/1526e0197b3f88600cb0b9b2c5ef2c652db9bcce4822fae964e5fbc5dda57bd8_left.png,0,closed,test
13967,000977.jpg,60267,left,raw/eyes/0f2880e8bc1867260134c76cdfb41c1ceee4511200e150f69b4f79ae987153e1_left.png,0,reflection,test
12768,000377.jpg,59667,right,raw/eyes/1d93f3381bdbda34e0c05ea724fa1cf189b25c9ee8f762ecb5c028f961166ec4_right.png,1,,test
17018,002502.jpg,61792,right,raw/eyes/087db473d5a4c06b3267ce119d86030ddee2ddf7756d8776a1ae405075d60005_right.png,1,,test
12804,000395.jpg,59685,right,raw/eyes/17671d46203dca3a69ab4882b4c8f67422ef96454d9a20f67fda627f0e6cc5a7_right.png,0,hairs,test
13310,000648.jpg,59938,right,raw/eyes/10bf02fb56b000b362d2e1d5d2dbd3554a96dba2b3b56c4df11331407c3d9000_right.png,1,,test
13956,000971.jpg,60261,right,raw/eyes/04597cbe62e1000f5c820d27c699f13f8d9a36b0cdcbfb67cf783d92de5be14c_right.png,1,,test
15038,001512.jpg,60802,right,raw/eyes/0249ea26cd933df5315100ba390d62b8361b6cb50f6ab78f25c1ecfec2198ce6_right.png,1,,test
16666,002326.jpg,61616,right,raw/eyes/0f80f5d271c14f0ef63c7e79c3d003a0c7b0489919370a1341f1b1762fd402c6_right.png,1,,test
13111,000549.jpg,59839,left,raw/eyes/05eb05c056530077ec7c082838529cb4db51ac74653d6bbf4c15e6e4871c9222_left.png,1,,test
13309,000648.jpg,59938,left,raw/eyes/10bf02fb56b000b362d2e1d5d2dbd3554a96dba2b3b56c4df11331407c3d9000_left.png,1,,test
14501,001244.jpg,60534,left,raw/eyes/1d0d17e6db9f11e63f4a41d0de8a5aad039c79eb26fd05305a81ff08677801fa_left.png,1,,test
12765,000376.jpg,59666,left,raw/eyes/0f2d2b7aacc89ff9e69903331104c56910284c94b756fdd4ebf6a8d27e9f2877_left.png,0,reflection,test
13039,000513.jpg,59803,left,raw/eyes/0786fab815633b39806e124107ba6f36dd4b07439338334f70ac3dddeba421da_left.png,0,closed,test
17162,002574.jpg,61864,right,raw/eyes/086d4249d74e60de2edc5e934c428815eec383fd1019d298bbbdeae8110a2af8_right.png,0,closed,test
13076,000531.jpg,59821,right,raw/eyes/16122c61969b62e50d1a3343ce0a8464fa27fbfcf751e557a69c6e10a3a044fb_right.png,1,,test
14299,001143.jpg,60433,left,raw/eyes/18186bed36f5d574c3cee089d9187dd7d89b9cb7af41ed4d08bdad8b6381f6ba_left.png,1,,test
13165,000576.jpg,59866,left,raw/eyes/07565f0582d75323abbb0cbcfdff40f9cbf4e704ef7fc56d15160811152e5f7c_left.png,0,blur,test
13276,000631.jpg,59921,right,raw/eyes/0c6acabb497a9176a52e14913600837937fee1778bccb9914656fc853b581c6c_right.png,1,,test
12210,000098.jpg,59388,right,raw/eyes/12f452b7f45ab87b4b9df58e589675e415c9221e805021c5b01826920878f9cf_right.png,0,reflection,test
14565,001276.jpg,60566,left,raw/eyes/00c46f83d574109dd44d9eafc38c59b81d8db4759df6b6bd695809c7c748dc73_left.png,1,,test
17951,002969.jpg,62259,left,raw/eyes/1d6515bd74d5c4e819b47e8b823425ba52d1028cac77852a4392723a27555087_left.png,0,blur,test
16755,002371.jpg,61661,left,raw/eyes/1d4d56c32966362e431d5a64674ea394886e70ac767e7eda637702595d08f168_left.png,0,closed,test
16133,002060.jpg,61350,left,raw/eyes/034f1b581b400ad808540e1071974b43ece4e822e8a2c38d5798baa0b47f298b_left.png,0,blur,test
17198,002592.jpg,61882,right,raw/eyes/0ef0f3a06e87c5266b489cd97488ad193107a4db7761a31f5bdbd6814228fa58_right.png,0,reflection,test
14706,001346.jpg,60636,right,raw/eyes/0d5918e41ba3cf1b3525d43334ef7ef346bd99243e85dc08812bd9656cf1f42d_right.png,0,reflection,test
17240,002613.jpg,61903,right,raw/eyes/0af2914ba9eb111fc869bd63f99b7079bdef130944d2ec122c15d480135670d6_right.png,0,blur,test
17386,002686.jpg,61976,right,raw/eyes/0b8ef5a730220d2bd78a1cc43977b24653c71f6a6291ed032081e9c21d98f0f8_right.png,0,reflection,test
15353,001670.jpg,60960,left,raw/eyes/1662df49428e684128a69a505e1918c7fdd51d9328321e01606aa04e3492352c_left.png,0,side_eye,test
17236,002611.jpg,61901,right,raw/eyes/1ab6642c7dd5cef4bd836ff2a08bc018702bd59cd2c5d5efa85806a3c841eab8_right.png,0,closed,test
15402,001694.jpg,60984,right,raw/eyes/158fac8b6e265432f2d177cf2cf6d964abc69185d3a39798da8f0ba67bfcbff6_right.png,1,,test
13461,000724.jpg,60014,left,raw/eyes/0b66332f730f5d4edd09606386cb516d218a678add3885a8a43f9beff68b2087_left.png,1,,test
14870,001428.jpg,60718,right,raw/eyes/16c444c2608daf14758e6a633f25af452783a3ac93b9248481ed1304023b8528_right.png,1,,test
13450,000718.jpg,60008,right,raw/eyes/1afeb3ee651fdb5d9a10b0cedaf3f23283561897340357132c9b85fe9047a71a_right.png,1,,test
13059,000523.jpg,59813,left,raw/eyes/05dde9deab7022bc3ffaee7255416be1e45c349064f7e8690e1bd1e2ae2e90de_left.png,1,,test
16338,002162.jpg,61452,right,raw/eyes/0f063771cf8c6c8af6cf26cfc2f82eafc6ff499ff9cb7e3157dee2de8f9ec4b2_right.png,0,blur,test
13646,000816.jpg,60106,right,raw/eyes/124e7b4cac7115eca207f1103f353503a3ea8c8842a9d0ebd2c7143aa57f5aae_right.png,0,closed,test
17729,002858.jpg,62148,left,raw/eyes/1624204066098bc89fe335902088d6553be43f2c4e93f0bbccd47f6fd5d2ecf3_left.png,1,,test
15040,001513.jpg,60803,right,raw/eyes/0a4cb3ea195539926747a91f8fee48e9a838fd21d1c801c38e62fe3009dd1bb2_right.png,1,,test
14390,001188.jpg,60478,right,raw/eyes/131ce3269d70da71b53c04e6078fab7016909aacb6968c18ac5ee466daca14c3_right.png,1,,test
15317,001652.jpg,60942,left,raw/eyes/190a3d5814e385fa5946b985b2b9637b6a73294409179b02d7830c6db5363ecc_left.png,0,side_eye,test
14577,001282.jpg,60572,left,raw/eyes/1b18c274564ebdd1faf7e6c45a811e7fd35a599d51e627c597edb39c0bee1fce_left.png,1,,test
13442,000714.jpg,60004,right,raw/eyes/12c488dc22afe0ed9f8ea437470f1b0535a91073be9e663d35990f3ce0093e06_right.png,0,reflection,test
15042,001514.jpg,60804,right,raw/eyes/1543560733023d5adc65c7c4e2736445d066d7d254b0258ca6b4e0f2027f1348_right.png,1,,test
14193,001090.jpg,60380,left,raw/eyes/0d004108fcd390430eddce94f72f2f08651bcedf7f6fee2c6c91ec8b71f0fd9e_left.png,0,blur,test
16035,002011.jpg,61301,left,raw/eyes/073d3d8d03422462aa1b8bb5222b7238369202b4ee3293e37608403b223faae4_left.png,0,blur,test
13663,000825.jpg,60115,left,raw/eyes/08ee54a6f418b1925c8fb79be2e82899d7b50e4afa6fb66cc3005cfc90ae5a6d_left.png,1,,test
12611,000299.jpg,59589,left,raw/eyes/0f576a98e8e196e5c77b7e0d8fc27d1f032aa2a476c09a247f8a60ee664a4572_left.png,1,,test
14121,001054.jpg,60344,left,raw/eyes/1aef6ba359a8a459a6237ff69b9708991a760556142340855216cedbf268cbc1_left.png,0,blur,test
17869,002928.jpg,62218,left,raw/eyes/19fe9cef4424d5ccdf9e308e10eecb23c9a9a477cb67e466cd77294d6c6e5d10_left.png,1,,test
13462,000724.jpg,60014,right,raw/eyes/0b66332f730f5d4edd09606386cb516d218a678add3885a8a43f9beff68b2087_right.png,1,,test
14334,001160.jpg,60450,right,raw/eyes/0b15c8870627eeb8a6775fef6a45d64224551351ebaeaaac11b7e450ea749f40_right.png,1,,test
16953,002470.jpg,61760,left,raw/eyes/17fd6a297228d4b97f8f7ce0c6ecc50eec45531533d951b760d0c021d4e7a511_left.png,1,,test
14697,001342.jpg,60632,left,raw/eyes/0dadbff05eaac25feb039444cf715328e6c6f8edd5d1db142136bcb726bc1c26_left.png,1,,test
13315,000651.jpg,59941,left,raw/eyes/15225fc3d3b47e04ba05efee982c4961692e62b7ae4459853cafd755f39ea435_left.png,1,,test
17047,002517.jpg,61807,left,raw/eyes/182807e70161302bf04b7a8e16c4f7b3ddb7685ff25ac73c555466c9ba51557f_left.png,1,,test
12771,000379.jpg,59669,left,raw/eyes/08e1a0b9ccba456222266d84ecbb90d4a6ac52cf90bc8af1e2e47f07097311b7_left.png,0,blur,test
13109,000548.jpg,59838,left,raw/eyes/0dc631c8a820fc40f43ed3cd85bc6e4b42b3a076ce6df7cf77ef016369c24b74_left.png,0,reflection,test
13330,000658.jpg,59948,right,raw/eyes/1cf709c1170339cf8072bdf24a6a0187b97efb5b10105eaed83ae9d81edb0732_right.png,1,,test
17524,002755.jpg,62045,right,raw/eyes/1b4d71f2108ef7ad5b3dcbb548069d89af85de6632df0c4ee000a6edf8db55c1_right.png,0,closed,test
12952,000469.jpg,59759,right,raw/eyes/1c7d43c8d1df4b6c054ffe7ab0060fa9c636af0fe93d3ff712032eb795366ea2_right.png,0,reflection,test
14338,001162.jpg,60452,right,raw/eyes/08da676b758889f3acead78ceee8d2de00e7f11d76df53afd54ced2c178fc274_right.png,1,,test
13893,000940.jpg,60230,left,raw/eyes/018b2022a0b7350b96514c169b36ac9d45e47feec0e016d75c4f13f682d49e2a_left.png,1,,test
13013,000500.jpg,59790,left,raw/eyes/1a518a1e39884014ef1105f8f37a04def9dcb378fcc5542dacc07511a5c728d9_left.png,1,,test
14650,001318.jpg,60608,right,raw/eyes/0ad905dc2f51dea354dcd0c710857c7431fd470b4903b28df4839a2a9d8b9690_right.png,1,,test
17010,002498.jpg,61788,right,raw/eyes/071d0ea76dd15a6e0e5f4589594a3df5cfe11199f4997aa96d2007e88e159e23_right.png,0,side_eye,test
12887,000437.jpg,59727,left,raw/eyes/05aafa3988b3bce5f088dc24bad1be348bfa34c1f2c132d437c01174ec0779ad_left.png,0,closed,test
12427,000207.jpg,59497,left,raw/eyes/14db19685ec982508e7a9d28a67fc13945a5cfa295d658f15ffb4d01e68aca89_left.png,0,reflection,test
16062,002024.jpg,61314,right,raw/eyes/1b47640f8221897e03d223716a0131d1d2346e1763341e7a2e5f70463e173562_right.png,1,,test
12898,000442.jpg,59732,right,raw/eyes/1d9868fef859af2a87c875b6563527acebfe23cf1f784419c0980b88f1b26a92_right.png,1,,test
17062,002524.jpg,61814,right,raw/eyes/0a9cfe348d72a0529c7721307efbe3546817c19e65d7c1245383ea0ff0e2f0bc_right.png,1,,test
13166,000576.jpg,59866,right,raw/eyes/07565f0582d75323abbb0cbcfdff40f9cbf4e704ef7fc56d15160811152e5f7c_right.png,0,blur,test
15041,001514.jpg,60804,left,raw/eyes/1543560733023d5adc65c7c4e2736445d066d7d254b0258ca6b4e0f2027f1348_left.png,1,,test
16451,002219.jpg,61509,left,raw/eyes/1c7febc81fe742f1afe39ec9b7cbfcc95a020d6c690403a9b04e3154164815ba_left.png,1,,test
15660,001823.jpg,61113,right,raw/eyes/0bcf4dfc7b892274ef4c5f1604acdb4e752981b7020706e96139d4f25746f1c0_right.png,0,blur,test
15057,001522.jpg,60812,left,raw/eyes/0d8ef1914d5ccda202308415e0566e241c67783fbb39dabd51000bfb38fd8226_left.png,0,closed,test
14585,001286.jpg,60576,left,raw/eyes/14e620cfaf61085b72da5c54300d9e6685c5d771e6918939db89f5c66872524c_left.png,0,side_eye,test
17624,002805.jpg,62095,right,raw/eyes/137f8ef5a5af2fc9fb6749be7f903e0629fdb6c9f9107fd544915716a2b94111_right.png,1,,test
17501,002744.jpg,62034,left,raw/eyes/1b665326bfb495dc98049e989aa367b97ecd6a91a13089d884efa2440b40db01_left.png,1,,test
14014,001000.jpg,60290,right,raw/eyes/0068dd10bffeaf78d5290426704016f69748750e02e9835597821f7bff9446c3_right.png,1,,test
12023,000005.jpg,59295,left,raw/eyes/0acac5af2efe06ecaaded431943420cdfbd98ebe88d845da95bed4c409549f95_left.png,1,,test
16615,002301.jpg,61591,left,raw/eyes/0f194ba8662c4c58cf8843407bd246b0990c36a0995dfece388feb4b65a31bfb_left.png,1,,test
15875,001931.jpg,61221,left,raw/eyes/11b3690c68641f3f3e63430aed631fe08909d48872b238214704e49fe7a839e0_left.png,0,reflection,test
13470,000728.jpg,60018,right,raw/eyes/166e8083806407cf9200e76c4064c6dced95c9f2e95a9bd7d044be955c4b2ee4_right.png,1,,test
16849,002418.jpg,61708,left,raw/eyes/09c4e02019a23235e4b437badfb2280120ba615edb8cade606b671ecc8a1597b_left.png,0,blur,test
13866,000926.jpg,60216,right,raw/eyes/186cc6bbb57f3823f940be93b47cfb60b2e1f632b512f9972146d64ef9f77011_right.png,0,closed,test
13092,000539.jpg,59829,right,raw/eyes/18262a77f03652e32d30d532065c1ed97e387a780f6d94e5cd559b6c62f5e721_right.png,1,,test
14300,001143.jpg,60433,right,raw/eyes/18186bed36f5d574c3cee089d9187dd7d89b9cb7af41ed4d08bdad8b6381f6ba_right.png,1,,test
12428,000207.jpg,59497,right,raw/eyes/14db19685ec982508e7a9d28a67fc13945a5cfa295d658f15ffb4d01e68aca89_right.png,0,reflection,test
16738,002362.jpg,61652,right,raw/eyes/1de4376083fe4d6d5dfab44007a8532215f662b85f8d0caeba5931133ccc20f9_right.png,1,,train
15606,001796.jpg,61086,right,raw/eyes/270f9cd73870cc0693f1c9da0489bb8416db50e15f2f018ee415935423b121dc_right.png,0,hairs,train
17835,002911.jpg,62201,left,raw/eyes/23b9614d9e6002c0a5ab119bff9b4ed43e000672fbab475e0013c6f4a9974240_left.png,0,closed,train
16423,002205.jpg,61495,left,raw/eyes/21421a805281c452a77bbe19ff3c3186611306d645bd8e94fdab0a90bdab0ba9_left.png,1,,train
13162,000574.jpg,59864,right,raw/eyes/27cbdc43413dfee4b6b5efb3e2dd8b2d1814798466f1a0de636a6a57b7729946_right.png,0,hairs,train
16030,002008.jpg,61298,right,raw/eyes/23896467348baf127639a8f240fe79a11eb5d2cb9463dd7cfa6479768cb48aea_right.png,0,reflection,train
13068,000527.jpg,59817,right,raw/eyes/2396ae301493c65db92acab43670349b743885be1e8322fee30431d12c1ee07b_right.png,1,,train
16464,002225.jpg,61515,right,raw/eyes/219034ce54c7a361b6c2d7cdef999b071b3790939031ef719f6db60dc7e4cf30_right.png,0,closed,train
12622,000304.jpg,59594,right,raw/eyes/21838011115ca8cf24cf973ba7e3a66bd627aaaf8ac8a387bdd267ca3d9f7da9_right.png,1,,train
12032,000009.jpg,59299,right,raw/eyes/2399db889fff75afb8c3c86e0110521755709d78f88dc9a2071e6b955c8e1d63_right.png,1,,train
17590,002788.jpg,62078,right,raw/eyes/204bc3d103405828c83c4f74168fcdc056409ac69769db7bd6b1acfe28c7299a_right.png,0,blur,train
17589,002788.jpg,62078,left,raw/eyes/204bc3d103405828c83c4f74168fcdc056409ac69769db7bd6b1acfe28c7299a_left.png,1,,train
14241,001114.jpg,60404,left,raw/eyes/1dfc559e4c9231bc0608c57dc912d0a57bc62bc005054f8da1e78814dd564189_left.png,0,reflection,train
18068,003027.jpg,62317,right,raw/eyes/089e5ea93f59588368f24c9876dac78a03540e3fefe0ddd155f6e6a33d84f996_right.png,1,,train
12218,000102.jpg,59392,right,raw/eyes/1f47a932a1c8227155668e82d6fcf6af23377966a39103535e989b14d3bc4f0b_right.png,1,,train
13901,000944.jpg,60234,left,raw/eyes/2993c65c8b02a77404fa693483c9be291f04bdcd025cf255b6cffff2210e71e4_left.png,1,,train
15220,001603.jpg,60893,right,raw/eyes/21b0ead5c0f6cda8a49a45345f8a3d11c3b98db58cf5e4b67079e54f71edd0a1_right.png,0,side_eye,train
13747,000867.jpg,60157,left,raw/eyes/24a0538ab11f6eaaec0ed30b398c3d117819788406e231f633ee5990d959fbc7_left.png,1,,train
17346,002666.jpg,61956,right,raw/eyes/248dc5a5528857aff4ab85b77c88882f6e630afd46879785ec7bad1861ff4e4c_right.png,1,,train
12728,000357.jpg,59647,right,raw/eyes/288cb2fc0bd4d3aac61ea2cf95418460f7f9de12eb47b306415d0348ada4bd57_right.png,1,,train
14573,001280.jpg,60570,left,raw/eyes/25a86a0b4ad9f8236e42a50be3a77335d95ec964d7fb4ccfecfc05f477a21eba_left.png,1,,train
12631,000309.jpg,59599,left,raw/eyes/228ecf7ad87b4bde81feece28523cada5e6b3be750c5b5ba3569148c33e1df3e_left.png,0,blur,train
13993,000990.jpg,60280,left,raw/eyes/296cfa57458d977edf7e4e1c6e7139c34027d9f2b1bfa42563587cc4637fb67b_left.png,1,,train
16583,002285.jpg,61575,left,raw/eyes/299c58605bf5fa383a62625a98e129694bc2859afd930babd1e874d4135853f2_left.png,1,,train
13161,000574.jpg,59864,left,raw/eyes/27cbdc43413dfee4b6b5efb3e2dd8b2d1814798466f1a0de636a6a57b7729946_left.png,1,,train
15141,001564.jpg,60854,left,raw/eyes/262a0e1c6e746bad96780074c9cd8c79169401a34e0e23df89f9b514b619212b_left.png,0,reflection,train
12822,000404.jpg,59694,right,raw/eyes/245dd5ec4adbbfbbfb7dca170e20ca0431b688aebd3771d660327db24b426420_right.png,1,,train
15211,001599.jpg,60889,left,raw/eyes/1f42051e4d9c587f4e5c521d4ae64be75489926c722a263de5fa352156f695d9_left.png,1,,train
13087,000537.jpg,59827,left,raw/eyes/2964a37b11652d186211b56230b1c58d394dfa9ce665a7f1a5077d9e7565193f_left.png,1,,train
14310,001148.jpg,60438,right,raw/eyes/1f4f6f26a4f094009f3170a1709ae71accfa0bf166e1e33eccb9b8ea4aa45680_right.png,1,,train
15234,001610.jpg,60900,right,raw/eyes/1f66a7f0e377e80d3d9de8f67ca9c9ddf6881eed07164b208530055f667b0728_right.png,0,hairs,train
15219,001603.jpg,60893,left,raw/eyes/21b0ead5c0f6cda8a49a45345f8a3d11c3b98db58cf5e4b67079e54f71edd0a1_left.png,0,reflection,train
15142,001564.jpg,60854,right,raw/eyes/262a0e1c6e746bad96780074c9cd8c79169401a34e0e23df89f9b514b619212b_right.png,0,reflection,train
12977,000482.jpg,59772,left,raw/eyes/2416037e21f18e7b7d337beb0bd1c7609e761b76514c675320c425fcbce827c6_left.png,0,blur,train
12253,000120.jpg,59410,left,raw/eyes/26e58b223cf5856855c8aefed50854054588fba2a009f3f227e9db62c115bdc2_left.png,0,blur,train
17076,002531.jpg,61821,right,raw/eyes/250ee93bb352ee173b8d4cc2cec9547214c69d106dc9b157b023ff01fa7f758a_right.png,0,blur,train
16463,002225.jpg,61515,left,raw/eyes/219034ce54c7a361b6c2d7cdef999b071b3790939031ef719f6db60dc7e4cf30_left.png,0,blur,train
16274,002130.jpg,61420,right,raw/eyes/1e7668941d1e7a2c72e920f0c551bcfdf85c7fa35c9a4f396be9bfff03b59b62_right.png,0,closed,train
16975,002481.jpg,61771,left,raw/eyes/1df6462d50193c2538c6702675fb507775c87ff8f1b6cde8eb6b4eded7e2d24d_left.png,0,side_eye,train
15533,001760.jpg,61050,left,raw/eyes/23b09573cc013f19a3fb0a11b1a730e2ef8736b15937e300e74f457315f16ecd_left.png,0,reflection,train
16652,002319.jpg,61609,right,raw/eyes/1e60218ba674b80aad8e308d8093a8218a1335c3e0a1683f50dad795fd3da154_right.png,1,,train
17978,002982.jpg,62272,right,raw/eyes/1d99b5f57229bb2e906ed6d2f38ee3669ef5cc3f7af532ef352c66013f6743f7_right.png,1,,train
17033,002510.jpg,61800,left,raw/eyes/2989665b3940551d22887dc23fd755ab048e83184cbb074e011ee75df257abd6_left.png,1,,train
13636,000811.jpg,60101,right,raw/eyes/2025a76b9e5f40631f01a0243e7d166c77ec26f607cfe223f80f7fbbb22573b2_right.png,1,,train
16127,002057.jpg,61347,left,raw/eyes/2a1542513f3457805519f23a7c6d8b58c0f1291ccd30c851bef3d12436b4c431_left.png,1,,train
18088,003037.jpg,62327,right,raw/eyes/02113be419ef09a3bb0a46433d6b409d11c5df42d123bd4eb95d3ff3ad2055f6_right.png,1,,train
15752,001869.jpg,61159,right,raw/eyes/22367f1cf2c05c779fe04b69f86b90b2b14cf7a1f8d3ed31c238c863a910453e_right.png,0,blur,train
18059,003023.jpg,62313,left,raw/eyes/22a98e68d27d828e17723cca36a078cb2eb5647e9ddbd649d2f227a172a113ce_left.png,1,,train
13088,000537.jpg,59827,right,raw/eyes/2964a37b11652d186211b56230b1c58d394dfa9ce665a7f1a5077d9e7565193f_right.png,1,,train
14729,001358.jpg,60648,left,raw/eyes/2a208b1a0439dac34703158860531bdc51227402c6fc859f859214adae1a4335_left.png,0,blur,train
14740,001363.jpg,60653,right,raw/eyes/1db381df74be9946faf11635d0b732ee0eb60edb8d35dd125dd18c1af7a2ad88_right.png,1,,train
12695,000341.jpg,59631,left,raw/eyes/2a674ae19333d2fed59d3592cb54e082e91526e136408a99fe0e72ba662df599_left.png,1,,train
15434,001710.jpg,61000,right,raw/eyes/213ffdcd1bfbe747a13394ed716a2698aa233a8bbc892e56a38869f4b27065a0_right.png,1,,train
15657,001822.jpg,61112,left,raw/eyes/243123690b04617a9707370ea21329de72f715048d7afe0f31223b1548872519_left.png,1,,train
14939,001463.jpg,60753,left,raw/eyes/292ec51558d391bacc453fe0174fe27f9b3bba4b120f4f7fc728f85eb32ecd3a_left.png,1,,train
14876,001431.jpg,60721,right,raw/eyes/25b449decfe0626d55ae253d3c756a053b780ee9b493454b637d6038146d199f_right.png,1,,train
15747,001867.jpg,61157,left,raw/eyes/263d0b136250d401c49829cc511906d2d957a24e4fed6841a606508e7d512a2f_left.png,1,,train
17316,002651.jpg,61941,right,raw/eyes/22c03b999789687a912d095b0c496782bb3fdbde9763067788659be8cb21531c_right.png,1,,train
12322,000154.jpg,59444,right,raw/eyes/27673b4c338d1d6616bcd7b66d3b05cb2f185b7c30ec685777a848dcea93bcf0_right.png,0,sun_glasses,train
13568,000777.jpg,60067,right,raw/eyes/2298868385f55edc2c8d053933f2815116d1d9b434d948050c43b4a8db7dd1d8_right.png,0,blur,train
12217,000102.jpg,59392,left,raw/eyes/1f47a932a1c8227155668e82d6fcf6af23377966a39103535e989b14d3bc4f0b_left.png,1,,train
17601,002794.jpg,62084,left,raw/eyes/2925b874b9c2e382380cd9f22723a8add26d5cde836662e820d5045fd9eaa506_left.png,1,,train
12867,000427.jpg,59717,left,raw/eyes/28b7c649156ae3bc5ca2d504ebe91f2871d1793546d7f3caae300397a03b4351_left.png,1,,train
15662,001824.jpg,61114,right,raw/eyes/24ba9efab56ba1f61ded53bbc6a6089c7f70dd47b4f2a0f0601103691026d1b3_right.png,1,,train
12616,000301.jpg,59591,right,raw/eyes/1ddd5e5b9714ff8dfe44a9da8a43aae6e5a2540914246ca263da99761b4a9114_right.png,0,reflection,train
13320,000653.jpg,59943,right,raw/eyes/1ef5732850a29f6678296e32a9627e59b48f7ccbb2e52f0ef647833f77538d33_right.png,1,,train
16399,002193.jpg,61483,left,raw/eyes/2389fe72ba29766a2385ac5a2fdea08376d000b8654b08aa9a2a0da6473ad049_left.png,1,,train
16236,002111.jpg,61401,right,raw/eyes/23f998fc48cc0fc4e1cf23c22509555161754b3761739a1c259b0f30cda17f09_right.png,0,blur,train
12321,000154.jpg,59444,left,raw/eyes/27673b4c338d1d6616bcd7b66d3b05cb2f185b7c30ec685777a848dcea93bcf0_left.png,0,sun_glasses,train
12443,000215.jpg,59505,left,raw/eyes/24c6dd102c7b92853244a8c41f3372f0df52db20e02102b0a3f64c501c121460_left.png,1,,train
14881,001434.jpg,60724,left,raw/eyes/21e756e71336848729c5749b041f01f3386f3b9053c85c3938fc56d10fbcd44f_left.png,1,,train
13159,000573.jpg,59863,left,raw/eyes/278708db383bb81495d477ea8d643dd63b6fbea4f277d4413c17e6cf5dbaa89c_left.png,0,blur,train
17342,002664.jpg,61954,right,raw/eyes/2491ac5452010500531880d62158d0414ce0d735f313dd01cf0f026514e030c6_right.png,1,,train
14320,001153.jpg,60443,right,raw/eyes/1f563def8a0c4a07448d06f365f5fe8bb7731f8034f5b785e75e80663feef0c2_right.png,0,blur,train
12677,000332.jpg,59622,left,raw/eyes/25ecb29566cea37dde5fab2711f0cc88cc14e534cfb23ec96d1513bfd4a62364_left.png,0,blur,train
17177,002582.jpg,61872,left,raw/eyes/22fc02a832d65aa95d9d8ddbba8d4ee457de6acc94a4df81d2306474e154334b_left.png,0,blur,train
13737,000862.jpg,60152,left,raw/eyes/1f7db03ea8dcf9b7c375749be181d49085a96887805b9e60931be5961859cbfe_left.png,0,blur,train
15049,001518.jpg,60808,left,raw/eyes/27ff3daca7fa4b6ebd47e0e0084d1798a6fd4207aa56c2ab2469b03aad70239d_left.png,0,reflection,train
17689,002838.jpg,62128,left,raw/eyes/2a637afddb61c8b54848b7bbc0573d5b0f90e833eb20fdf8473e730eed98c354_left.png,0,reflection,train
12987,000487.jpg,59777,left,raw/eyes/1da5f209b165f5c3dfff65c2cb0cccebd5f7c3868a0ccc8e509913392e461afc_left.png,0,blur,train
16049,002018.jpg,61308,left,raw/eyes/231131c2f2146184e0b4927922901362a433f28c68adaa1f137843b471e0f5de_left.png,1,,train
13319,000653.jpg,59943,left,raw/eyes/1ef5732850a29f6678296e32a9627e59b48f7ccbb2e52f0ef647833f77538d33_left.png,1,,train
17170,002578.jpg,61868,right,raw/eyes/2390bbcd035c763782272c3ff04113df908561efd8ae934778f0cdda46371827_right.png,1,,train
18004,002995.jpg,62285,right,raw/eyes/22c46ab704766ad2930f58f3d311bad6dcba27df6b17da97232b0e29391e9f5f_right.png,1,,train
15576,001781.jpg,61071,right,raw/eyes/23a6f88a8a5f3af1defdd600302180e21a86e81ad020683a4ce690440e7f7c85_right.png,1,,train
16095,002041.jpg,61331,left,raw/eyes/225b86af07fa34c62bb92f2047bd36cbb1fb91b290728a53a59bc2e4715cf1e9_left.png,1,,train
16651,002319.jpg,61609,left,raw/eyes/1e60218ba674b80aad8e308d8093a8218a1335c3e0a1683f50dad795fd3da154_left.png,0,hairs,train
15051,001519.jpg,60809,left,raw/eyes/2799ceb3ff6cf6fa29892b1d224e11c5741d4926cfd1baec310aaa81e7a1d41e_left.png,1,,train
15984,001985.jpg,61275,right,raw/eyes/2046afb56bd1c0f72e49bc61d6d245c882925b74e1d14543e9ebfda3689943bf_right.png,1,,train
14442,001214.jpg,60504,right,raw/eyes/257938e481734cf830e2cd72352324e1cc05990bd4f5958d1f28c4e848228021_right.png,0,reflection,train
14920,001453.jpg,60743,right,raw/eyes/295a6ee93c5ea5b0a39a4e9802dbaadb219c3b5b43fa1ba0779946534b877d2e_right.png,1,,train
13575,000781.jpg,60071,left,raw/eyes/209bb111a822ffbe9f1041ab66bb31c8595d295d9469c54c696bede27d0a18fc_left.png,0,reflection,train
16029,002008.jpg,61298,left,raw/eyes/23896467348baf127639a8f240fe79a11eb5d2cb9463dd7cfa6479768cb48aea_left.png,0,reflection,train
12730,000358.jpg,59648,right,raw/eyes/2a146d4185fdc2219d212e2141694e39e09f37135d75ac1f574906a7a83423bb_right.png,0,blur,train
14218,001102.jpg,60392,right,raw/eyes/28c0f4f8bc95fd1d79b1845a76f9f0334d71fd22e2834dea34d33021f3b93feb_right.png,1,,train
13093,000540.jpg,59830,left,raw/eyes/28903cc954cc70c4dca5aebc3476c5eccc6914a027b0966f9328cc0e21caaaa7_left.png,1,,train
13729,000858.jpg,60148,left,raw/eyes/1dffa782f76edf9ead25b22a4b7c70bf9c2f23af8ae99030ba1bc51c2a633f4d_left.png,0,reflection,train
15540,001763.jpg,61053,right,raw/eyes/23b07679aedb1c1d972ad459e471179889cc6bfbc23ba10a012a8468451883fc_right.png,0,blur,train
14214,001100.jpg,60390,right,raw/eyes/2166f05498868618cdeaf7006b47e95b70b9663d0c06de31fb1fc33359e557b8_right.png,1,,train
17376,002681.jpg,61971,right,raw/eyes/2457b3088ad62bef463c759b2a1c2a7881d67e243630618a6bc4a2870ef643a9_right.png,0,reflection,train
14739,001363.jpg,60653,left,raw/eyes/1db381df74be9946faf11635d0b732ee0eb60edb8d35dd125dd18c1af7a2ad88_left.png,1,,train
18060,003023.jpg,62313,right,raw/eyes/22a98e68d27d828e17723cca36a078cb2eb5647e9ddbd649d2f227a172a113ce_right.png,1,,train
14187,001087.jpg,60377,left,raw/eyes/293a78f4b9d68976aa2de13accbb012d3eaa9b77140db9bd6d5d39211567fab0_left.png,1,,train
16448,002217.jpg,61507,right,raw/eyes/288507515c8b45aeb1cfbcc1a692ef60fe91c2dc4b9a1e6b8f1823d3da5834ae_right.png,1,,train
16904,002445.jpg,61735,right,raw/eyes/1f23f2b00a60a6dea56f5ce8f6c23088b938276cebc89240753fe907ccee31e2_right.png,1,,train
13024,000505.jpg,59795,right,raw/eyes/22944acd72a0267b262b6793f1f987609ba175abfd92f9188a39ce8bf06aa0c0_right.png,1,,train
16653,002320.jpg,61610,left,raw/eyes/29356e9ee9cf40ce89d95fa568efaca8e7a2a0d2e54abc749d71dba723bf33ab_left.png,0,closed,train
15534,001760.jpg,61050,right,raw/eyes/23b09573cc013f19a3fb0a11b1a730e2ef8736b15937e300e74f457315f16ecd_right.png,0,reflection,train
15791,001889.jpg,61179,left,raw/eyes/24342d566d83871ba3431a7973f2bf7392eafb9b82e612e3ed95d394aa6badb0_left.png,0,blur,train
16903,002445.jpg,61735,left,raw/eyes/1f23f2b00a60a6dea56f5ce8f6c23088b938276cebc89240753fe907ccee31e2_left.png,1,,train
15016,001501.jpg,60791,right,raw/eyes/26f29267cb8c4f74edcc60c30fbb0c29aa89bee8fdc805fd40fd2a75f3d2e4d3_right.png,1,,train
17562,002774.jpg,62064,right,raw/eyes/221500661a153d0e0296db150f54d86f2c9f2be7ed521d4443964723d4b4ad3f_right.png,1,,train
17415,002701.jpg,61991,left,raw/eyes/27ef923f74173f5d40f892dd6e487255655d09694d5c4f758c4a345b6e87290b_left.png,1,,train
14919,001453.jpg,60743,left,raw/eyes/295a6ee93c5ea5b0a39a4e9802dbaadb219c3b5b43fa1ba0779946534b877d2e_left.png,1,,train
12729,000358.jpg,59648,left,raw/eyes/2a146d4185fdc2219d212e2141694e39e09f37135d75ac1f574906a7a83423bb_left.png,0,blur,train
15715,001851.jpg,61141,left,raw/eyes/26951ff2c1b2006cc04904f1ced2b5a24e647068b1e0fd6235791a87c75bceed_left.png,1,,train
12482,000234.jpg,59524,right,raw/eyes/23819ebb70d3cff0e047aa782ce5a3a4c5b799dadb4f97be7a69bcb9bb0ca09f_right.png,1,,train
15748,001867.jpg,61157,right,raw/eyes/263d0b136250d401c49829cc511906d2d957a24e4fed6841a606508e7d512a2f_right.png,1,,train
13892,000939.jpg,60229,right,raw/eyes/266e0485a8a3d588582f39fcc15bfb050732c3924fd0854dfad6e8b497fc3b9f_right.png,1,,train
13793,000890.jpg,60180,left,raw/eyes/29a3cc8cd4fb5b8aebc54965dd96f37dbf076eda327adbb5d36552eb4e157d8c_left.png,1,,train
12632,000309.jpg,59599,right,raw/eyes/228ecf7ad87b4bde81feece28523cada5e6b3be750c5b5ba3569148c33e1df3e_right.png,0,blur,train
13023,000505.jpg,59795,left,raw/eyes/22944acd72a0267b262b6793f1f987609ba175abfd92f9188a39ce8bf06aa0c0_left.png,1,,train
15699,001843.jpg,61133,left,raw/eyes/230f185370e9508aa9a1c4d0d570f9d82bbd06ce523f8abf36e2061755247bad_left.png,1,,train
14325,001156.jpg,60446,left,raw/eyes/28b1af13b3476f3e2cbc6e3877d51c43ed6eee9458a06fc5a9bc187d53b554df_left.png,0,blur,train
16370,002178.jpg,61468,right,raw/eyes/28d44564cc87f150d6542747886034bc754e2cdcbfc5a03e3c1072c867988023_right.png,1,,train
13000,000493.jpg,59783,right,raw/eyes/28bf15a1f993762410bcd0613d22627f33df40d35411b008e2a49d027b2a39b7_right.png,1,,train
12943,000465.jpg,59755,left,raw/eyes/1f8127b409d4174233100f1f6266482e5afbe5f129cff7ffe9f44d9782854728_left.png,0,closed,train
12015,000001.jpg,59291,left,raw/eyes/25dab950d4af019655d4f8b702575fe3935c9575b8f3c76a1d6c9d80449a64e9_left.png,0,reflection,train
18003,002995.jpg,62285,left,raw/eyes/22c46ab704766ad2930f58f3d311bad6dcba27df6b17da97232b0e29391e9f5f_left.png,1,,train
12734,000360.jpg,59650,right,raw/eyes/29feaa3c6929a709cdaf5f74092a120ba1de5813495d8a1551ca58ef8c8939e3_right.png,1,,train
17375,002681.jpg,61971,left,raw/eyes/2457b3088ad62bef463c759b2a1c2a7881d67e243630618a6bc4a2870ef643a9_left.png,0,reflection,train
17544,002765.jpg,62055,right,raw/eyes/290a79fa40364f38605f154dadc18c1048ca04ce7e69e3d31f76a168cdb562d3_right.png,0,sun_glasses,train
12494,000240.jpg,59530,right,raw/eyes/1fb473475497dcc0d156aa94cc45d027cba41786c6eb8935576449e7bfed8262_right.png,0,closed,train
15233,001610.jpg,60900,left,raw/eyes/1f66a7f0e377e80d3d9de8f67ca9c9ddf6881eed07164b208530055f667b0728_left.png,0,hairs,train
16128,002057.jpg,61347,right,raw/eyes/2a1542513f3457805519f23a7c6d8b58c0f1291ccd30c851bef3d12436b4c431_right.png,1,,train
17602,002794.jpg,62084,right,raw/eyes/2925b874b9c2e382380cd9f22723a8add26d5cde836662e820d5045fd9eaa506_right.png,0,reflection,train
13567,000777.jpg,60067,left,raw/eyes/2298868385f55edc2c8d053933f2815116d1d9b434d948050c43b4a8db7dd1d8_left.png,0,blur,train
15015,001501.jpg,60791,left,raw/eyes/26f29267cb8c4f74edcc60c30fbb0c29aa89bee8fdc805fd40fd2a75f3d2e4d3_left.png,0,side_eye,train
12262,000124.jpg,59414,right,raw/eyes/2313f8e3bb7926c09f1815ace747aeeafd1f8a20fc48ec4f862ae06dd6db38d6_right.png,1,,train
14601,001294.jpg,60584,left,raw/eyes/24486cbba54b27bf96fbe74a74ca5821331cb7708f89d2e610f0e5c3c8ddc7de_left.png,0,reflection,train
13097,000542.jpg,59832,left,raw/eyes/2678d5d73441d020a1f8b1551cba1f995592ad7685d50470a468b92452c52fa3_left.png,0,closed,train
17321,002654.jpg,61944,left,raw/eyes/1e2d459bbdea65abcba8035133e206c3c3963c7784abc72605f5d0ee75214086_left.png,0,closed,train
17461,002724.jpg,62014,left,raw/eyes/26df2bebe8045a8cf1c851098b4c842ea9667bd4dd5565f031c09fa5d68a5d92_left.png,1,,train
17006,002496.jpg,61786,right,raw/eyes/2619f98a089cbfb59991591b4e0c19e37a0ea852a7993f4d44f35045478e5487_right.png,1,,train
14188,001087.jpg,60377,right,raw/eyes/293a78f4b9d68976aa2de13accbb012d3eaa9b77140db9bd6d5d39211567fab0_right.png,1,,train
12733,000360.jpg,59650,left,raw/eyes/29feaa3c6929a709cdaf5f74092a120ba1de5813495d8a1551ca58ef8c8939e3_left.png,1,,train
15690,001838.jpg,61128,right,raw/eyes/22f1a96d9922ddd4d4ae64df2b10e1f06198fd27e3ec491cf3c55fffe1ed0244_right.png,1,,train
14730,001358.jpg,60648,right,raw/eyes/2a208b1a0439dac34703158860531bdc51227402c6fc859f859214adae1a4335_right.png,0,blur,train
15471,001729.jpg,61019,left,raw/eyes/251b82f1b648ca18046e903d12130ce980a73c6c7113ee8f5950eb2082429dac_left.png,0,reflection,train
15212,001599.jpg,60889,right,raw/eyes/1f42051e4d9c587f4e5c521d4ae64be75489926c722a263de5fa352156f695d9_right.png,1,,train
16675,002331.jpg,61621,left,raw/eyes/25a525922d58269ec523531617308973f06ad2ddc8a0dfdc8f526b1a3cf735b1_left.png,1,,train
14882,001434.jpg,60724,right,raw/eyes/21e756e71336848729c5749b041f01f3386f3b9053c85c3938fc56d10fbcd44f_right.png,1,,train
13730,000858.jpg,60148,right,raw/eyes/1dffa782f76edf9ead25b22a4b7c70bf9c2f23af8ae99030ba1bc51c2a633f4d_right.png,1,,train
14602,001294.jpg,60584,right,raw/eyes/24486cbba54b27bf96fbe74a74ca5821331cb7708f89d2e610f0e5c3c8ddc7de_right.png,0,reflection,train
12847,000417.jpg,59707,left,raw/eyes/2239af3541b3b35b6febdfdd84747c745247bc013b22ef82f134ce9b47e95f59_left.png,0,blur,train
13576,000781.jpg,60071,right,raw/eyes/209bb111a822ffbe9f1041ab66bb31c8595d295d9469c54c696bede27d0a18fc_right.png,0,reflection,train
17416,002701.jpg,61991,right,raw/eyes/27ef923f74173f5d40f892dd6e487255655d09694d5c4f758c4a345b6e87290b_right.png,0,reflection,train
13058,000522.jpg,59812,right,raw/eyes/257dd023d894126030d3178ae08aac927e950694a3ba36ce8b83b0d2871e49ca_right.png,1,,train
14855,001421.jpg,60711,left,raw/eyes/282669497535447e38c09293b0832c83ef84672a6c21e0c6ba3fe2aaaa39d5c7_left.png,0,closed,train
13581,000784.jpg,60074,left,raw/eyes/22c7efc26e269fb1d12cc21c819f0007fc2607c920861f9ac9a8917639c069fe_left.png,1,,train
16050,002018.jpg,61308,right,raw/eyes/231131c2f2146184e0b4927922901362a433f28c68adaa1f137843b471e0f5de_right.png,1,,train
15716,001851.jpg,61141,right,raw/eyes/26951ff2c1b2006cc04904f1ced2b5a24e647068b1e0fd6235791a87c75bceed_right.png,1,,train
13823,000905.jpg,60195,left,raw/eyes/28a34ec6212f2fdf7f42722fe2b50e3fbea6d6947a03a8e2d60ee0b0d334f380_left.png,1,,train
12235,000111.jpg,59401,left,raw/eyes/27eb5331fb04c8f250ebfcdd5d06c92d3ffe0a0aa2eef5ab5ff490a37d4f664f_left.png,1,,train
13884,000935.jpg,60225,right,raw/eyes/204526cab834e52b0543126bab346d2291421dd15d1ff14623daf393228abd36_right.png,0,blur,train
12848,000417.jpg,59707,right,raw/eyes/2239af3541b3b35b6febdfdd84747c745247bc013b22ef82f134ce9b47e95f59_right.png,0,side_eye,train
17581,002784.jpg,62074,left,raw/eyes/24edcb2eb70b39e8ca87b55df0875694d050c53c0708f0c051cecc2ed5f9666e_left.png,1,,train
13994,000990.jpg,60280,right,raw/eyes/296cfa57458d977edf7e4e1c6e7139c34027d9f2b1bfa42563587cc4637fb67b_right.png,1,,train
12254,000120.jpg,59410,right,raw/eyes/26e58b223cf5856855c8aefed50854054588fba2a009f3f227e9db62c115bdc2_right.png,0,side_eye,train
16314,002150.jpg,61440,right,raw/eyes/295cad5156b823682eb16c3f0f5966be5da15dfaf9945e9caa95df6ee878ef0d_right.png,1,,train
13883,000935.jpg,60225,left,raw/eyes/204526cab834e52b0543126bab346d2291421dd15d1ff14623daf393228abd36_left.png,0,blur,train
17345,002666.jpg,61956,left,raw/eyes/248dc5a5528857aff4ab85b77c88882f6e630afd46879785ec7bad1861ff4e4c_left.png,1,,train
12016,000001.jpg,59291,right,raw/eyes/25dab950d4af019655d4f8b702575fe3935c9575b8f3c76a1d6c9d80449a64e9_right.png,1,,train
17322,002654.jpg,61944,right,raw/eyes/1e2d459bbdea65abcba8035133e206c3c3963c7784abc72605f5d0ee75214086_right.png,0,closed,train
15792,001889.jpg,61179,right,raw/eyes/24342d566d83871ba3431a7973f2bf7392eafb9b82e612e3ed95d394aa6badb0_right.png,0,blur,train
13742,000864.jpg,60154,right,raw/eyes/28daa02da372e5bf059b34f5cd2211020fd3802e37e200f0e7863b335acbc274_right.png,0,blur,train
14441,001214.jpg,60504,left,raw/eyes/257938e481734cf830e2cd72352324e1cc05990bd4f5958d1f28c4e848228021_left.png,0,reflection,train
15575,001781.jpg,61071,left,raw/eyes/23a6f88a8a5f3af1defdd600302180e21a86e81ad020683a4ce690440e7f7c85_left.png,1,,train
12481,000234.jpg,59524,left,raw/eyes/23819ebb70d3cff0e047aa782ce5a3a4c5b799dadb4f97be7a69bcb9bb0ca09f_left.png,1,,train
14242,001114.jpg,60404,right,raw/eyes/1dfc559e4c9231bc0608c57dc912d0a57bc62bc005054f8da1e78814dd564189_right.png,0,reflection,train
15472,001729.jpg,61019,right,raw/eyes/251b82f1b648ca18046e903d12130ce980a73c6c7113ee8f5950eb2082429dac_right.png,1,,train
15336,001661.jpg,60951,right,raw/eyes/1fff33a9899a34216efbebc546bbcc1ec7733b926da05642e291522d0a68fd64_right.png,0,reflection,train
17340,002663.jpg,61953,right,raw/eyes/24914226c79fa9ff8c863e5150ca5d28a4063847748837aa1a076c00120fb816_right.png,1,,train
12419,000203.jpg,59493,left,raw/eyes/2857ef27a77be63e7355982a65254688be6a737d9eaea992f1b4fca2e3c75448_left.png,0,closed,train
14061,001024.jpg,60314,left,raw/eyes/237ad2c2533f20fa1504ce9c953645b6825ee6f9b80f06723e372f5d9c060ecd_left.png,1,,train
12031,000009.jpg,59299,left,raw/eyes/2399db889fff75afb8c3c86e0110521755709d78f88dc9a2071e6b955c8e1d63_left.png,1,,train
16273,002130.jpg,61420,left,raw/eyes/1e7668941d1e7a2c72e920f0c551bcfdf85c7fa35c9a4f396be9bfff03b59b62_left.png,0,blur,train
17690,002838.jpg,62128,right,raw/eyes/2a637afddb61c8b54848b7bbc0573d5b0f90e833eb20fdf8473e730eed98c354_right.png,0,reflection,train
14024,001005.jpg,60295,right,raw/eyes/239c663a84578cae5d0557f013c3bc54a9fb8429488649ed333e9c491b090baa_right.png,1,,train
16976,002481.jpg,61771,right,raw/eyes/1df6462d50193c2538c6702675fb507775c87ff8f1b6cde8eb6b4eded7e2d24d_right.png,0,blur,train
15957,001972.jpg,61262,left,raw/eyes/22433e14703b11f0fc3cbce7c846908deb11e539af33bdd03df71b217c75e5fd_left.png,1,,train
12678,000332.jpg,59622,right,raw/eyes/25ecb29566cea37dde5fab2711f0cc88cc14e534cfb23ec96d1513bfd4a62364_right.png,0,blur,train
14266,001126.jpg,60416,right,raw/eyes/1e9551d64df58f444560235df45cc58489c318da3e68e09d7f98a28d79797114_right.png,1,,train
14875,001431.jpg,60721,left,raw/eyes/25b449decfe0626d55ae253d3c756a053b780ee9b493454b637d6038146d199f_left.png,0,blur,train
17315,002651.jpg,61941,left,raw/eyes/22c03b999789687a912d095b0c496782bb3fdbde9763067788659be8cb21531c_left.png,1,,train
14574,001280.jpg,60570,right,raw/eyes/25a86a0b4ad9f8236e42a50be3a77335d95ec964d7fb4ccfecfc05f477a21eba_right.png,1,,train
14035,001011.jpg,60301,left,raw/eyes/1e1223111fddb3e4d2d338fe5499f56638f36cc1cec53e1e534bc581b33a077d_left.png,1,,train
16584,002285.jpg,61575,right,raw/eyes/299c58605bf5fa383a62625a98e129694bc2859afd930babd1e874d4135853f2_right.png,1,,train
18067,003027.jpg,62317,left,raw/eyes/089e5ea93f59588368f24c9876dac78a03540e3fefe0ddd155f6e6a33d84f996_left.png,1,,train
16737,002362.jpg,61652,left,raw/eyes/1de4376083fe4d6d5dfab44007a8532215f662b85f8d0caeba5931133ccc20f9_left.png,1,,train
13794,000890.jpg,60180,right,raw/eyes/29a3cc8cd4fb5b8aebc54965dd96f37dbf076eda327adbb5d36552eb4e157d8c_right.png,1,,train
15983,001985.jpg,61275,left,raw/eyes/2046afb56bd1c0f72e49bc61d6d245c882925b74e1d14543e9ebfda3689943bf_left.png,1,,train
14309,001148.jpg,60438,left,raw/eyes/1f4f6f26a4f094009f3170a1709ae71accfa0bf166e1e33eccb9b8ea4aa45680_left.png,1,,train
13824,000905.jpg,60195,right,raw/eyes/28a34ec6212f2fdf7f42722fe2b50e3fbea6d6947a03a8e2d60ee0b0d334f380_right.png,1,,train
16369,002178.jpg,61468,left,raw/eyes/28d44564cc87f150d6542747886034bc754e2cdcbfc5a03e3c1072c867988023_left.png,1,,train
13748,000867.jpg,60157,right,raw/eyes/24a0538ab11f6eaaec0ed30b398c3d117819788406e231f633ee5990d959fbc7_right.png,1,,train
15673,001830.jpg,61120,left,raw/eyes/2079cfdd07a21f6a873eebcd8be3291f5e389701b7dd4059f42e3cb3f7513741_left.png,0,blur,train
17178,002582.jpg,61872,right,raw/eyes/22fc02a832d65aa95d9d8ddbba8d4ee457de6acc94a4df81d2306474e154334b_right.png,0,blur,train
16424,002205.jpg,61495,right,raw/eyes/21421a805281c452a77bbe19ff3c3186611306d645bd8e94fdab0a90bdab0ba9_right.png,1,,train
15658,001822.jpg,61112,right,raw/eyes/243123690b04617a9707370ea21329de72f715048d7afe0f31223b1548872519_right.png,0,hairs,train
15689,001838.jpg,61128,left,raw/eyes/22f1a96d9922ddd4d4ae64df2b10e1f06198fd27e3ec491cf3c55fffe1ed0244_left.png,1,,valid
17034,002510.jpg,61800,right,raw/eyes/2989665b3940551d22887dc23fd755ab048e83184cbb074e011ee75df257abd6_right.png,1,,valid
12696,000341.jpg,59631,right,raw/eyes/2a674ae19333d2fed59d3592cb54e082e91526e136408a99fe0e72ba662df599_right.png,0,reflection,valid
15157,001572.jpg,60862,left,raw/eyes/21889abf7d3b0cee2cea747aebe2dc34f83e7c7250bf8428b52abbc5adee74a2_left.png,1,,valid
13738,000862.jpg,60152,right,raw/eyes/1f7db03ea8dcf9b7c375749be181d49085a96887805b9e60931be5961859cbfe_right.png,1,,valid
16235,002111.jpg,61401,left,raw/eyes/23f998fc48cc0fc4e1cf23c22509555161754b3761739a1c259b0f30cda17f09_left.png,0,blur,valid
14669,001328.jpg,60618,left,raw/eyes/2699aa2a9c7f846c8e083fa3102bd0df346348d4f205f49580479461e36178e2_left.png,0,blur,valid
13094,000540.jpg,59830,right,raw/eyes/28903cc954cc70c4dca5aebc3476c5eccc6914a027b0966f9328cc0e21caaaa7_right.png,1,,valid
15158,001572.jpg,60862,right,raw/eyes/21889abf7d3b0cee2cea747aebe2dc34f83e7c7250bf8428b52abbc5adee74a2_right.png,1,,valid
12493,000240.jpg,59530,left,raw/eyes/1fb473475497dcc0d156aa94cc45d027cba41786c6eb8935576449e7bfed8262_left.png,0,side_eye,valid
12868,000427.jpg,59717,right,raw/eyes/28b7c649156ae3bc5ca2d504ebe91f2871d1793546d7f3caae300397a03b4351_right.png,1,,valid
14319,001153.jpg,60443,left,raw/eyes/1f563def8a0c4a07448d06f365f5fe8bb7731f8034f5b785e75e80663feef0c2_left.png,0,blur,valid
15433,001710.jpg,61000,left,raw/eyes/213ffdcd1bfbe747a13394ed716a2698aa233a8bbc892e56a38869f4b27065a0_left.png,1,,valid
12893,000440.jpg,59730,left,raw/eyes/257183a4c04d97ce3baef243224d1e4e51123b00e450ace43c37fb3f39567bb0_left.png,0,closed,valid
13098,000542.jpg,59832,right,raw/eyes/2678d5d73441d020a1f8b1551cba1f995592ad7685d50470a468b92452c52fa3_right.png,0,closed,valid
15661,001824.jpg,61114,left,raw/eyes/24ba9efab56ba1f61ded53bbc6a6089c7f70dd47b4f2a0f0601103691026d1b3_left.png,1,,valid
17561,002774.jpg,62064,left,raw/eyes/221500661a153d0e0296db150f54d86f2c9f2be7ed521d4443964723d4b4ad3f_left.png,1,,valid
16421,002204.jpg,61494,left,raw/eyes/20c5296eaff96848d7936dfb3ad6e797740daea2e07a6d34c9b7b7c4d55fa86a_left.png,1,,valid
15979,001983.jpg,61273,left,raw/eyes/1fb30511f40a68cb4dc9002f814b1bb4ab25b62010fc75b3cc2b3bc772b498a3_left.png,1,,valid
18087,003037.jpg,62327,left,raw/eyes/02113be419ef09a3bb0a46433d6b409d11c5df42d123bd4eb95d3ff3ad2055f6_left.png,1,,valid
16749,002368.jpg,61658,left,raw/eyes/286338cee28d5f9149add7cbc804f543fe949627282920acdfa90a1342f24672_left.png,1,,valid
14874,001430.jpg,60720,right,raw/eyes/23f7c16c571064dcbce95b2c89ccae1988f342661bfbfe958059d1b081379982_right.png,0,closed,valid
16313,002150.jpg,61440,left,raw/eyes/295cad5156b823682eb16c3f0f5966be5da15dfaf9945e9caa95df6ee878ef0d_left.png,1,,valid
16096,002041.jpg,61331,right,raw/eyes/225b86af07fa34c62bb92f2047bd36cbb1fb91b290728a53a59bc2e4715cf1e9_right.png,1,,valid
14036,001011.jpg,60301,right,raw/eyes/1e1223111fddb3e4d2d338fe5499f56638f36cc1cec53e1e534bc581b33a077d_right.png,1,,valid
17528,002757.jpg,62047,right,raw/eyes/2a5c9f51ce16d829ad0c36c2e2f79baf059c225e055f9c4249d61fb368028aba_right.png,1,,valid
12988,000487.jpg,59777,right,raw/eyes/1da5f209b165f5c3dfff65c2cb0cccebd5f7c3868a0ccc8e509913392e461afc_right.png,0,blur,valid
13067,000527.jpg,59817,left,raw/eyes/2396ae301493c65db92acab43670349b743885be1e8322fee30431d12c1ee07b_left.png,1,,valid
15751,001869.jpg,61159,left,raw/eyes/22367f1cf2c05c779fe04b69f86b90b2b14cf7a1f8d3ed31c238c863a910453e_left.png,0,blur,valid
14213,001100.jpg,60390,left,raw/eyes/2166f05498868618cdeaf7006b47e95b70b9663d0c06de31fb1fc33359e557b8_left.png,0,blur,valid
14217,001102.jpg,60392,left,raw/eyes/28c0f4f8bc95fd1d79b1845a76f9f0334d71fd22e2834dea34d33021f3b93feb_left.png,1,,valid
12236,000111.jpg,59401,right,raw/eyes/27eb5331fb04c8f250ebfcdd5d06c92d3ffe0a0aa2eef5ab5ff490a37d4f664f_right.png,0,closed,valid
14873,001430.jpg,60720,left,raw/eyes/23f7c16c571064dcbce95b2c89ccae1988f342661bfbfe958059d1b081379982_left.png,0,closed,valid
13635,000811.jpg,60101,left,raw/eyes/2025a76b9e5f40631f01a0243e7d166c77ec26f607cfe223f80f7fbbb22573b2_left.png,1,,valid
15958,001972.jpg,61262,right,raw/eyes/22433e14703b11f0fc3cbce7c846908deb11e539af33bdd03df71b217c75e5fd_right.png,0,reflection,valid
17977,002982.jpg,62272,left,raw/eyes/1d99b5f57229bb2e906ed6d2f38ee3669ef5cc3f7af532ef352c66013f6743f7_left.png,1,,valid
13891,000939.jpg,60229,left,raw/eyes/266e0485a8a3d588582f39fcc15bfb050732c3924fd0854dfad6e8b497fc3b9f_left.png,1,,valid
12821,000404.jpg,59694,left,raw/eyes/245dd5ec4adbbfbbfb7dca170e20ca0431b688aebd3771d660327db24b426420_left.png,1,,valid
17169,002578.jpg,61868,left,raw/eyes/2390bbcd035c763782272c3ff04113df908561efd8ae934778f0cdda46371827_left.png,1,,valid
15674,001830.jpg,61120,right,raw/eyes/2079cfdd07a21f6a873eebcd8be3291f5e389701b7dd4059f42e3cb3f7513741_right.png,0,blur,valid
12261,000124.jpg,59414,left,raw/eyes/2313f8e3bb7926c09f1815ace747aeeafd1f8a20fc48ec4f862ae06dd6db38d6_left.png,0,hairs,valid
17582,002784.jpg,62074,right,raw/eyes/24edcb2eb70b39e8ca87b55df0875694d050c53c0708f0c051cecc2ed5f9666e_right.png,1,,valid
16654,002320.jpg,61610,right,raw/eyes/29356e9ee9cf40ce89d95fa568efaca8e7a2a0d2e54abc749d71dba723bf33ab_right.png,0,closed,valid
14550,001268.jpg,60558,right,raw/eyes/28099587e6f504cdefad71f5ed568e27edef59a7eb20c85fd5334d10507b68a2_right.png,0,blur,valid
14940,001463.jpg,60753,right,raw/eyes/292ec51558d391bacc453fe0174fe27f9b3bba4b120f4f7fc728f85eb32ecd3a_right.png,1,,valid
14326,001156.jpg,60446,right,raw/eyes/28b1af13b3476f3e2cbc6e3877d51c43ed6eee9458a06fc5a9bc187d53b554df_right.png,1,,test
13582,000784.jpg,60074,right,raw/eyes/22c7efc26e269fb1d12cc21c819f0007fc2607c920861f9ac9a8917639c069fe_right.png,1,,test
12420,000203.jpg,59493,right,raw/eyes/2857ef27a77be63e7355982a65254688be6a737d9eaea992f1b4fca2e3c75448_right.png,0,closed,test
15605,001796.jpg,61086,left,raw/eyes/270f9cd73870cc0693f1c9da0489bb8416db50e15f2f018ee415935423b121dc_left.png,0,hairs,test
17543,002765.jpg,62055,left,raw/eyes/290a79fa40364f38605f154dadc18c1048ca04ce7e69e3d31f76a168cdb562d3_left.png,0,sun_glasses,test
12944,000465.jpg,59755,right,raw/eyes/1f8127b409d4174233100f1f6266482e5afbe5f129cff7ffe9f44d9782854728_right.png,0,blur,test
15052,001519.jpg,60809,right,raw/eyes/2799ceb3ff6cf6fa29892b1d224e11c5741d4926cfd1baec310aaa81e7a1d41e_right.png,1,,test
12621,000304.jpg,59594,left,raw/eyes/21838011115ca8cf24cf973ba7e3a66bd627aaaf8ac8a387bdd267ca3d9f7da9_left.png,1,,test
17005,002496.jpg,61786,left,raw/eyes/2619f98a089cbfb59991591b4e0c19e37a0ea852a7993f4d44f35045478e5487_left.png,0,reflection,test
14557,001272.jpg,60562,left,raw/eyes/284a977b4374704ffe30e2e1b46cccd704150ba8faec1d7c041c1aab6b52440c_left.png,0,blur,test
15539,001763.jpg,61053,left,raw/eyes/23b07679aedb1c1d972ad459e471179889cc6bfbc23ba10a012a8468451883fc_left.png,1,,test
15102,001544.jpg,60834,right,raw/eyes/25730b5517fcaff59627ce282425a2b06a7162ede1449fd513f3b76ed5ec2952_right.png,1,,test
12444,000215.jpg,59505,right,raw/eyes/24c6dd102c7b92853244a8c41f3372f0df52db20e02102b0a3f64c501c121460_right.png,1,,test
13902,000944.jpg,60234,right,raw/eyes/2993c65c8b02a77404fa693483c9be291f04bdcd025cf255b6cffff2210e71e4_right.png,1,,test
13160,000573.jpg,59863,right,raw/eyes/278708db383bb81495d477ea8d643dd63b6fbea4f277d4413c17e6cf5dbaa89c_right.png,0,blur,test
14558,001272.jpg,60562,right,raw/eyes/284a977b4374704ffe30e2e1b46cccd704150ba8faec1d7c041c1aab6b52440c_right.png,0,blur,test
17075,002531.jpg,61821,left,raw/eyes/250ee93bb352ee173b8d4cc2cec9547214c69d106dc9b157b023ff01fa7f758a_left.png,0,blur,test
16676,002331.jpg,61621,right,raw/eyes/25a525922d58269ec523531617308973f06ad2ddc8a0dfdc8f526b1a3cf735b1_right.png,1,,test
14549,001268.jpg,60558,left,raw/eyes/28099587e6f504cdefad71f5ed568e27edef59a7eb20c85fd5334d10507b68a2_left.png,0,reflection,test
15700,001843.jpg,61133,right,raw/eyes/230f185370e9508aa9a1c4d0d570f9d82bbd06ce523f8abf36e2061755247bad_right.png,1,,test
16750,002368.jpg,61658,right,raw/eyes/286338cee28d5f9149add7cbc804f543fe949627282920acdfa90a1342f24672_right.png,1,,test
17836,002911.jpg,62201,right,raw/eyes/23b9614d9e6002c0a5ab119bff9b4ed43e000672fbab475e0013c6f4a9974240_right.png,0,blur,test
14023,001005.jpg,60295,left,raw/eyes/239c663a84578cae5d0557f013c3bc54a9fb8429488649ed333e9c491b090baa_left.png,0,reflection,test
14062,001024.jpg,60314,right,raw/eyes/237ad2c2533f20fa1504ce9c953645b6825ee6f9b80f06723e372f5d9c060ecd_right.png,1,,test
17527,002757.jpg,62047,left,raw/eyes/2a5c9f51ce16d829ad0c36c2e2f79baf059c225e055f9c4249d61fb368028aba_left.png,1,,test
12894,000440.jpg,59730,right,raw/eyes/257183a4c04d97ce3baef243224d1e4e51123b00e450ace43c37fb3f39567bb0_right.png,0,closed,test
13741,000864.jpg,60154,left,raw/eyes/28daa02da372e5bf059b34f5cd2211020fd3802e37e200f0e7863b335acbc274_left.png,0,blur,test
14856,001421.jpg,60711,right,raw/eyes/282669497535447e38c09293b0832c83ef84672a6c21e0c6ba3fe2aaaa39d5c7_right.png,1,,test
16447,002217.jpg,61507,left,raw/eyes/288507515c8b45aeb1cfbcc1a692ef60fe91c2dc4b9a1e6b8f1823d3da5834ae_left.png,1,,test
16400,002193.jpg,61483,right,raw/eyes/2389fe72ba29766a2385ac5a2fdea08376d000b8654b08aa9a2a0da6473ad049_right.png,0,hairs,test
14265,001126.jpg,60416,left,raw/eyes/1e9551d64df58f444560235df45cc58489c318da3e68e09d7f98a28d79797114_left.png,1,,test
12978,000482.jpg,59772,right,raw/eyes/2416037e21f18e7b7d337beb0bd1c7609e761b76514c675320c425fcbce827c6_right.png,0,blur,test
15050,001518.jpg,60808,right,raw/eyes/27ff3daca7fa4b6ebd47e0e0084d1798a6fd4207aa56c2ab2469b03aad70239d_right.png,1,,test
15101,001544.jpg,60834,left,raw/eyes/25730b5517fcaff59627ce282425a2b06a7162ede1449fd513f3b76ed5ec2952_left.png,1,,test
15980,001983.jpg,61273,right,raw/eyes/1fb30511f40a68cb4dc9002f814b1bb4ab25b62010fc75b3cc2b3bc772b498a3_right.png,1,,test
12615,000301.jpg,59591,left,raw/eyes/1ddd5e5b9714ff8dfe44a9da8a43aae6e5a2540914246ca263da99761b4a9114_left.png,0,reflection,test
13057,000522.jpg,59812,left,raw/eyes/257dd023d894126030d3178ae08aac927e950694a3ba36ce8b83b0d2871e49ca_left.png,1,,test
17339,002663.jpg,61953,left,raw/eyes/24914226c79fa9ff8c863e5150ca5d28a4063847748837aa1a076c00120fb816_left.png,1,,test
16422,002204.jpg,61494,right,raw/eyes/20c5296eaff96848d7936dfb3ad6e797740daea2e07a6d34c9b7b7c4d55fa86a_right.png,1,,test
15335,001661.jpg,60951,left,raw/eyes/1fff33a9899a34216efbebc546bbcc1ec7733b926da05642e291522d0a68fd64_left.png,0,reflection,test
12999,000493.jpg,59783,left,raw/eyes/28bf15a1f993762410bcd0613d22627f33df40d35411b008e2a49d027b2a39b7_left.png,1,,test
17462,002724.jpg,62014,right,raw/eyes/26df2bebe8045a8cf1c851098b4c842ea9667bd4dd5565f031c09fa5d68a5d92_right.png,1,,test
17341,002664.jpg,61954,left,raw/eyes/2491ac5452010500531880d62158d0414ce0d735f313dd01cf0f026514e030c6_left.png,1,,test
14670,001328.jpg,60618,right,raw/eyes/2699aa2a9c7f846c8e083fa3102bd0df346348d4f205f49580479461e36178e2_right.png,0,side_eye,test
12727,000357.jpg,59647,left,raw/eyes/288cb2fc0bd4d3aac61ea2cf95418460f7f9de12eb47b306415d0348ada4bd57_left.png,1,,test
